key,primary_co2_emission,primary_demand_of_ambient_cold (MJ),primary_demand_of_ambient_heat (MJ),primary_demand_of_bio_ethanol (MJ),primary_demand_of_bio_kerosene (MJ),primary_demand_of_bio_lng (MJ),primary_demand_of_bio_oil (MJ),primary_demand_of_biodiesel (MJ),primary_demand_of_biogas (MJ),primary_demand_of_biogenic_waste (MJ),primary_demand_of_coal (MJ),primary_demand_of_cokes (MJ),primary_demand_of_cooling (MJ),primary_demand_of_crude_oil (MJ),primary_demand_of_diesel (MJ),primary_demand_of_dry_biomass (MJ),primary_demand_of_electricity (MJ),primary_demand_of_gasoline (MJ),primary_demand_of_geothermal (MJ),primary_demand_of_greengas (MJ),primary_demand_of_heavy_fuel_oil (MJ),primary_demand_of_imported_electricity (MJ),primary_demand_of_imported_heat (MJ),primary_demand_of_imported_hydrogen (MJ),primary_demand_of_kerosene (MJ),primary_demand_of_light (MJ),primary_demand_of_lignite (MJ),primary_demand_of_lng (MJ),primary_demand_of_loss (MJ),primary_demand_of_lpg (MJ),primary_demand_of_natural_gas (MJ),primary_demand_of_non_biogenic_waste (MJ),primary_demand_of_oily_biomass (MJ),primary_demand_of_passenger_kms (MJ),primary_demand_of_solar_radiation (MJ),primary_demand_of_solar_thermal (MJ),primary_demand_of_steam_hot_water (MJ),primary_demand_of_torrefied_biomass_pellets (MJ),primary_demand_of_uranium_oxide (MJ),primary_demand_of_useable_heat (MJ),primary_demand_of_water (MJ),primary_demand_of_wet_biomass (MJ),primary_demand_of_wind (MJ),primary_demand_of_wood_pellets (MJ),final_demand_of_bio_ethanol (MJ),final_demand_of_bio_kerosene (MJ),final_demand_of_bio_lng (MJ),final_demand_of_biodiesel (MJ),final_demand_of_coal (MJ),final_demand_of_coal_gas (MJ),final_demand_of_cokes (MJ),final_demand_of_compressed_network_gas (MJ),final_demand_of_crude_oil (MJ),final_demand_of_diesel (MJ),final_demand_of_electricity (MJ),final_demand_of_gasoline (MJ),final_demand_of_heavy_fuel_oil (MJ),final_demand_of_hydrogen (MJ),final_demand_of_kerosene (MJ),final_demand_of_lng (MJ),final_demand_of_loss (MJ),final_demand_of_lpg (MJ),final_demand_of_network_gas (MJ),final_demand_of_solar_thermal (MJ),final_demand_of_steam_hot_water (MJ),final_demand_of_useable_heat (MJ),final_demand_of_wood_pellets (MJ)
buildings_cooling_collective_heatpump_water_water_ts_electricity,1648332.3680244586,0.0,0.0,0.0,0.0,0.0,0.0,0.0,4772892.829133569,4465506.657919375,52930.02965924003,0.0,0.0,0.0,0.0,0.0,196047027.2057897,0.0,0.0,0.0,0.0,3023148.1160927517,0.0,0.0,0.0,0.0,0.0,377990.81332450075,0.0,0.0,21904323.491119955,3653799.638978597,0.0,0.0,0.0,0.0,0.0,0.0,8947153.49467313,0.0,0.0,0.0,0.0,11965194.748959603,0.0,0.0,0.0,0.0,0.0,0.0,0.0,0.0,0.0,0.0,228187994.08487314,0.0,0.0,0.0,0.0,0.0,0.0,0.0,0.0,0.0,0.0,0.0,0.0
buildings_space_heater_solar_thermal,0.0,0.0,0.0,0.0,0.0,0.0,0.0,0.0,0.0,0.0,0.0,0.0,0.0,0.0,0.0,0.0,0.0,0.0,0.0,0.0,0.0,0.0,0.0,0.0,0.0,0.0,0.0,0.0,0.0,0.0,0.0,0.0,0.0,0.0,0.0,219910424.04554155,0.0,0.0,0.0,0.0,0.0,0.0,0.0,0.0,0.0,0.0,0.0,0.0,0.0,0.0,0.0,0.0,0.0,0.0,0.0,0.0,0.0,0.0,0.0,0.0,0.0,0.0,0.0,219910424.04554155,0.0,0.0,0.0
buildings_appliances_coal,3664351.545855465,0.0,0.0,0.0,0.0,0.0,0.0,0.0,0.0,0.0,38776206.834449366,0.0,0.0,0.0,0.0,0.0,0.0,0.0,0.0,0.0,0.0,0.0,0.0,0.0,0.0,0.0,0.0,0.0,0.0,0.0,0.0,0.0,0.0,0.0,0.0,0.0,0.0,0.0,0.0,0.0,0.0,0.0,0.0,0.0,0.0,0.0,0.0,0.0,38776206.834449366,0.0,0.0,0.0,0.0,0.0,0.0,0.0,0.0,0.0,0.0,0.0,0.0,0.0,0.0,0.0,0.0,0.0,0.0
buildings_appliances_network_gas,264113314.78893143,0.0,0.0,0.0,0.0,0.0,0.0,0.0,408286419.8875519,0.0,0.0,0.0,0.0,0.0,0.0,0.0,0.0,0.0,0.0,0.0,0.0,0.0,0.0,0.0,0.0,0.0,0.0,79298102.8182123,0.0,0.0,4595273840.348716,0.0,0.0,0.0,0.0,0.0,0.0,0.0,0.0,0.0,0.0,0.0,0.0,0.0,0.0,0.0,0.0,0.0,0.0,0.0,0.0,0.0,0.0,0.0,0.0,0.0,0.0,0.0,0.0,0.0,0.0,0.0,5010012760.747272,0.0,0.0,0.0,0.0
buildings_appliances_electricity,339771123.63046145,0.0,0.0,0.0,0.0,0.0,0.0,0.0,983837477.7934481,920475896.8356673,10910478.978622338,0.0,0.0,0.0,0.0,0.0,40411218034.841385,0.0,0.0,0.0,0.0,623162204.5602548,0.0,0.0,0.0,0.0,0.0,77915331.79633097,0.0,0.0,4515143152.750674,753158545.5330396,0.0,0.0,0.0,0.0,0.0,0.0,1844278772.3829918,0.0,0.0,0.0,0.0,2466388298.3647003,0.0,0.0,0.0,0.0,0.0,0.0,0.0,0.0,0.0,0.0,47036442803.17135,0.0,0.0,0.0,0.0,0.0,0.0,0.0,0.0,0.0,0.0,0.0,0.0
buildings_lighting_efficient_fluorescent_electricity,53647611.37559495,0.0,0.0,0.0,0.0,0.0,0.0,0.0,155341425.43205962,145337051.20788825,1722692.411034113,0.0,0.0,0.0,0.0,0.0,6380663833.885736,0.0,0.0,0.0,0.0,98393187.2049481,0.0,0.0,0.0,0.0,0.0,12302315.145993045,0.0,0.0,712911216.7501172,118918748.96028513,0.0,0.0,0.0,0.0,0.0,0.0,291199410.3320902,0.0,0.0,0.0,0.0,389426386.55747694,0.0,0.0,0.0,0.0,0.0,0.0,0.0,0.0,0.0,0.0,7426742970.48093,0.0,0.0,0.0,0.0,0.0,0.0,0.0,0.0,0.0,0.0,0.0,0.0
buildings_lighting_standard_fluorescent_electricity,31700861.123745617,0.0,0.0,0.0,0.0,0.0,0.0,0.0,91792660.06662528,85880984.41549441,1017954.6019073302,0.0,0.0,0.0,0.0,0.0,3770392248.3925276,0.0,0.0,0.0,0.0,58141428.53945792,0.0,0.0,0.0,0.0,0.0,7269549.826054165,0.0,0.0,421265717.07975394,70270169.52174154,0.0,0.0,0.0,0.0,0.0,0.0,172072378.05285847,0.0,0.0,0.0,0.0,230115591.01392975,0.0,0.0,0.0,0.0,0.0,0.0,0.0,0.0,0.0,0.0,4388529917.21589,0.0,0.0,0.0,0.0,0.0,0.0,0.0,0.0,0.0,0.0,0.0,0.0
buildings_lighting_led_electricity,81934533.6180948,0.0,0.0,0.0,0.0,0.0,0.0,0.0,237248722.13296565,221969314.2491831,2631021.1330251605,0.0,0.0,0.0,0.0,0.0,9745013841.21456,0.0,0.0,0.0,0.0,150273231.14897785,0.0,0.0,0.0,0.0,0.0,18788990.377459936,0.0,0.0,1088809856.7255464,181621361.78425896,0.0,0.0,0.0,0.0,0.0,0.0,444740916.95120555,0.0,0.0,0.0,0.0,594760298.6044953,0.0,0.0,0.0,0.0,0.0,0.0,0.0,0.0,0.0,0.0,11342661974.78155,0.0,0.0,0.0,0.0,0.0,0.0,0.0,0.0,0.0,0.0,0.0,0.0
buildings_cooling_heatpump_air_water_network_gas,6.455655303633805e-07,0.0,0.0,0.0,0.0,0.0,0.0,0.0,9.979642238238244e-07,0.0,0.0,0.0,0.0,0.0,0.0,0.0,0.0,0.0,0.0,0.0,0.0,0.0,0.0,0.0,0.0,0.0,0.0,1.938263576130562e-07,0.0,0.0,1.1232112232889254e-05,0.0,0.0,0.0,0.0,0.0,0.0,0.0,0.0,0.0,0.0,0.0,0.0,0.0,0.0,0.0,0.0,0.0,0.0,0.0,0.0,0.0,0.0,0.0,0.0,0.0,0.0,0.0,0.0,0.0,0.0,0.0,1.2245848141370041e-05,0.0,0.0,0.0,0.0
buildings_cooling_airconditioning_electricity,115933070.17887463,0.0,0.0,0.0,0.0,0.0,0.0,0.0,335694505.58042973,314074944.34952265,3722756.9888766124,0.0,0.0,0.0,0.0,0.0,13788683765.6708,0.0,0.0,0.0,0.0,212628744.96857113,0.0,0.0,0.0,0.0,0.0,26585436.492180202,0.0,0.0,1540608873.4156923,256984706.59345016,0.0,0.0,0.0,0.0,0.0,0.0,629285084.8050032,0.0,0.0,0.0,0.0,841554646.0436021,0.0,0.0,0.0,0.0,0.0,0.0,0.0,0.0,0.0,0.0,16049272128.244514,0.0,0.0,0.0,0.0,0.0,0.0,0.0,0.0,0.0,0.0,0.0,0.0
buildings_space_heater_combined_hydrogen,0.0,0.0,0.0,0.0,0.0,0.0,0.0,0.0,0.0,0.0,0.0,0.0,0.0,0.0,0.0,0.0,0.0,0.0,0.0,0.0,0.0,0.0,0.0,0.0,0.0,0.0,0.0,0.0,0.0,0.0,0.0,0.0,0.0,0.0,0.0,0.0,0.0,0.0,0.0,0.0,0.0,0.0,0.0,0.0,0.0,0.0,0.0,0.0,0.0,0.0,0.0,0.0,0.0,0.0,0.0,0.0,0.0,0.0,0.0,0.0,0.0,0.0,0.0,0.0,0.0,0.0,0.0
buildings_space_heater_electricity,0.0,0.0,0.0,0.0,0.0,0.0,0.0,0.0,0.0,0.0,0.0,0.0,0.0,0.0,0.0,0.0,0.0,0.0,0.0,0.0,0.0,0.0,0.0,0.0,0.0,0.0,0.0,0.0,0.0,0.0,0.0,0.0,0.0,0.0,0.0,0.0,0.0,0.0,0.0,0.0,0.0,0.0,0.0,0.0,0.0,0.0,0.0,0.0,0.0,0.0,0.0,0.0,0.0,0.0,0.0,0.0,0.0,0.0,0.0,0.0,0.0,0.0,0.0,0.0,0.0,0.0,0.0
buildings_space_heater_heatpump_air_water_electricity,78408518.0335498,0.0,0.0,0.0,0.0,0.0,0.0,0.0,227038830.71461165,212416965.23623237,2517796.328920519,0.0,0.0,0.0,0.0,0.0,9325641579.50267,0.0,0.0,0.0,0.0,143806290.6347255,0.0,0.0,0.0,0.0,0.0,17980414.677284613,0.0,0.0,1041953417.1525186,173805368.65097833,0.0,0.0,0.0,0.0,0.0,0.0,425601692.8047162,0.0,0.0,0.0,0.0,569165058.2419512,0.0,0.0,0.0,0.0,0.0,0.0,0.0,0.0,0.0,0.0,10854535648.46689,0.0,0.0,0.0,0.0,0.0,0.0,0.0,0.0,0.0,0.0,0.0,0.0
buildings_space_heater_district_heating_steam_hot_water,174256469.98125774,0.0,0.0,0.0,0.0,0.0,0.0,0.0,541630468.0245893,357241377.76172674,3128455.7070077173,0.0,0.0,4.081797995395521e-08,0.0,0.0,470461227.2050263,0.0,0.0,0.0,0.0,8131747.696832424,0.0,0.0,0.0,0.0,0.0,42997875.66319866,0.0,0.0,2491699122.7220626,292304662.62526864,0.0,0.0,0.0,0.0,0.0,0.0,24066301.75882596,0.0,0.0,0.0,0.0,3584288553.211727,0.0,0.0,0.0,0.0,0.0,0.0,0.0,0.0,0.0,0.0,0.0,0.0,0.0,0.0,0.0,0.0,0.0,0.0,0.0,0.0,7519376673.175705,0.0,0.0
buildings_space_heater_network_gas,2209061338.148521,0.0,0.0,0.0,0.0,0.0,0.0,0.0,3414934782.0099483,0.0,0.0,0.0,0.0,0.0,0.0,0.0,0.0,0.0,0.0,0.0,0.0,0.0,0.0,0.0,0.0,0.0,0.0,663254608.2132635,0.0,0.0,38435176155.47737,0.0,0.0,0.0,0.0,0.0,0.0,0.0,0.0,0.0,0.0,0.0,0.0,0.0,0.0,0.0,0.0,0.0,0.0,0.0,0.0,0.0,0.0,0.0,0.0,0.0,0.0,0.0,0.0,0.0,0.0,0.0,41904080081.09007,0.0,0.0,0.0,0.0
buildings_space_heater_crude_oil,0.0,0.0,0.0,0.0,0.0,0.0,0.0,0.0,0.0,0.0,0.0,0.0,0.0,0.0,0.0,0.0,0.0,0.0,0.0,0.0,0.0,0.0,0.0,0.0,0.0,0.0,0.0,0.0,0.0,0.0,0.0,0.0,0.0,0.0,0.0,0.0,0.0,0.0,0.0,0.0,0.0,0.0,0.0,0.0,0.0,0.0,0.0,0.0,0.0,0.0,0.0,0.0,0.0,0.0,0.0,0.0,0.0,0.0,0.0,0.0,0.0,0.0,0.0,0.0,0.0,0.0,0.0
buildings_space_heater_collective_heatpump_water_water_ts_electricity,81262851.6851068,0.0,0.0,0.0,0.0,0.0,0.0,0.0,235303807.41576013,220149656.87792316,2609452.5796652334,0.0,0.0,0.0,0.0,0.0,9665126284.102545,0.0,0.0,0.0,0.0,149041323.0643481,0.0,0.0,0.0,0.0,0.0,18634962.218412258,0.0,0.0,1079884024.3942046,180132468.3718209,0.0,0.0,0.0,0.0,0.0,0.0,441095025.2180686,0.0,0.0,0.0,0.0,589884579.7910675,0.0,0.0,0.0,0.0,0.0,0.0,0.0,0.0,0.0,0.0,11249677237.040049,0.0,0.0,0.0,0.0,0.0,0.0,0.0,0.0,0.0,0.0,0.0,0.0
buildings_space_heater_heatpump_air_water_network_gas,0.0,0.0,0.0,0.0,0.0,0.0,0.0,0.0,0.0,0.0,0.0,0.0,0.0,0.0,0.0,0.0,0.0,0.0,0.0,0.0,0.0,0.0,0.0,0.0,0.0,0.0,0.0,0.0,0.0,0.0,0.0,0.0,0.0,0.0,0.0,0.0,0.0,0.0,0.0,0.0,0.0,0.0,0.0,0.0,0.0,0.0,0.0,0.0,0.0,0.0,0.0,0.0,0.0,0.0,0.0,0.0,0.0,0.0,0.0,0.0,0.0,0.0,0.0,0.0,0.0,0.0,0.0
buildings_space_heater_coal,0.0,0.0,0.0,0.0,0.0,0.0,0.0,0.0,0.0,0.0,0.0,0.0,0.0,0.0,0.0,0.0,0.0,0.0,0.0,0.0,0.0,0.0,0.0,0.0,0.0,0.0,0.0,0.0,0.0,0.0,0.0,0.0,0.0,0.0,0.0,0.0,0.0,0.0,0.0,0.0,0.0,0.0,0.0,0.0,0.0,0.0,0.0,0.0,0.0,0.0,0.0,0.0,0.0,0.0,0.0,0.0,0.0,0.0,0.0,0.0,0.0,0.0,0.0,0.0,0.0,0.0,0.0
buildings_space_heater_wood_pellets,0.0,0.0,0.0,0.0,0.0,0.0,0.0,0.0,0.0,0.0,0.0,0.0,0.0,0.0,0.0,0.0,0.0,0.0,0.0,0.0,0.0,0.0,0.0,0.0,0.0,0.0,0.0,0.0,0.0,0.0,0.0,0.0,0.0,0.0,0.0,0.0,0.0,0.0,0.0,0.0,0.0,0.0,0.0,5190549935.464132,0.0,0.0,0.0,0.0,0.0,0.0,0.0,0.0,0.0,0.0,0.0,0.0,0.0,0.0,0.0,0.0,0.0,0.0,0.0,0.0,0.0,0.0,5190549935.464132
buildings_cooling_heatpump_air_water_electricity,0.0,0.0,0.0,0.0,0.0,0.0,0.0,0.0,0.0,0.0,0.0,0.0,0.0,0.0,0.0,0.0,0.0,0.0,0.0,0.0,0.0,0.0,0.0,0.0,0.0,0.0,0.0,0.0,0.0,0.0,0.0,0.0,0.0,0.0,0.0,0.0,0.0,0.0,0.0,0.0,0.0,0.0,0.0,0.0,0.0,0.0,0.0,0.0,0.0,0.0,0.0,0.0,0.0,0.0,0.0,0.0,0.0,0.0,0.0,0.0,0.0,0.0,0.0,0.0,0.0,0.0,0.0
buildings_appliances_wood_pellets,0.0,0.0,0.0,0.0,0.0,0.0,0.0,0.0,0.0,0.0,0.0,0.0,0.0,0.0,0.0,0.0,0.0,0.0,0.0,0.0,0.0,0.0,0.0,0.0,0.0,0.0,0.0,0.0,0.0,0.0,0.0,0.0,0.0,0.0,0.0,0.0,0.0,0.0,0.0,0.0,0.0,0.0,0.0,0.0,0.0,0.0,0.0,0.0,0.0,0.0,0.0,0.0,0.0,0.0,0.0,0.0,0.0,0.0,0.0,0.0,0.0,0.0,0.0,0.0,0.0,0.0,0.0
buildings_appliances_crude_oil,477131481.2131188,0.0,0.0,0.0,0.0,0.0,0.0,0.0,0.0,0.0,0.0,0.0,0.0,6509297151.6114435,0.0,0.0,0.0,0.0,0.0,0.0,0.0,0.0,0.0,0.0,0.0,0.0,0.0,0.0,0.0,0.0,0.0,0.0,0.0,0.0,0.0,0.0,0.0,0.0,0.0,0.0,0.0,0.0,0.0,0.0,0.0,0.0,0.0,0.0,0.0,0.0,0.0,0.0,6451699352.193317,0.0,0.0,0.0,0.0,0.0,0.0,0.0,0.0,0.0,0.0,0.0,0.0,0.0,0.0
households_appliances_fridge_freezer_electricity,51148370.63589345,0.0,0.0,0.0,0.0,0.0,0.0,0.0,148104651.80788067,138566343.8072587,1642438.6411973136,0.0,0.0,0.0,0.0,0.0,11439806420.210283,0.0,0.0,0.0,0.0,93809418.12993665,0.0,0.0,0.0,0.0,0.0,11729196.484842367,0.0,0.0,679699360.5088791,113378771.047101,0.0,0.0,0.0,0.0,0.0,0.0,277633523.4078106,0.0,0.0,0.0,0.0,371284473.70351624,0.0,0.0,0.0,0.0,0.0,0.0,0.0,0.0,0.0,0.0,12383942356.822315,0.0,0.0,0.0,0.0,0.0,0.0,0.0,0.0,0.0,0.0,0.0,0.0
households_appliances_television_electricity,18102091.848472673,0.0,0.0,0.0,0.0,0.0,0.0,0.0,52416215.35312254,49040480.6941359,581280.9825376968,0.0,0.0,0.0,0.0,0.0,4048700358.8355193,0.0,0.0,0.0,0.0,33200406.62347539,0.0,0.0,0.0,0.0,0.0,4151119.3697419832,0.0,0.0,240554686.30403513,40126262.12028945,0.0,0.0,0.0,0.0,0.0,0.0,98258213.86803767,0.0,0.0,0.0,0.0,131402536.60742027,0.0,0.0,0.0,0.0,0.0,0.0,0.0,0.0,0.0,0.0,4382842683.009601,0.0,0.0,0.0,0.0,0.0,0.0,0.0,0.0,0.0,0.0,0.0,0.0
households_appliances_clothes_dryer_electricity,13852683.713887768,0.0,0.0,0.0,0.0,0.0,0.0,0.0,40111676.5313009,37528384.78113246,444827.1319909378,0.0,0.0,0.0,0.0,0.0,3098280905.47361,0.0,0.0,0.0,0.0,25406717.410191104,0.0,0.0,0.0,0.0,0.0,3176657.3813114655,0.0,0.0,184085243.47115424,30706750.4919231,0.0,0.0,0.0,0.0,0.0,0.0,75192412.58961517,0.0,0.0,0.0,0.0,100556211.62803537,0.0,0.0,0.0,0.0,0.0,0.0,0.0,0.0,0.0,0.0,3353984388.306034,0.0,0.0,0.0,0.0,0.0,0.0,0.0,0.0,0.0,0.0,0.0,0.0
households_appliances_computer_media_electricity,19393093.74774359,0.0,0.0,0.0,0.0,0.0,0.0,0.0,56154426.06047702,52537941.33278745,622736.6805171295,0.0,0.0,0.0,0.0,0.0,4337444880.5509205,0.0,0.0,0.0,0.0,35568187.560963556,0.0,0.0,0.0,0.0,0.0,4447168.193010404,0.0,0.0,257710524.39703608,42987980.03894576,0.0,0.0,0.0,0.0,0.0,0.0,105265776.40746361,0.0,0.0,0.0,0.0,140773880.30345333,0.0,0.0,0.0,0.0,0.0,0.0,0.0,0.0,0.0,0.0,4695417510.014936,0.0,0.0,0.0,0.0,0.0,0.0,0.0,0.0,0.0,0.0,0.0,0.0
households_appliances_vacuum_cleaner_electricity,9476656.448372463,0.0,0.0,0.0,0.0,0.0,0.0,0.0,27440500.765515614,25673264.255400386,304307.38157739054,0.0,0.0,0.0,0.0,0.0,2119541911.7445126,0.0,0.0,0.0,0.0,17380800.525741007,0.0,0.0,0.0,0.0,0.0,2173159.4598305123,0.0,0.0,125933187.07206152,21006566.746782284,0.0,0.0,0.0,0.0,0.0,0.0,51439322.2536137,0.0,0.0,0.0,0.0,68790762.21117914,0.0,0.0,0.0,0.0,0.0,0.0,0.0,0.0,0.0,0.0,2294469320.00013,0.0,0.0,0.0,0.0,0.0,0.0,0.0,0.0,0.0,0.0,0.0,0.0
households_appliances_other_electricity,22377412.15320342,0.0,0.0,0.0,0.0,0.0,0.0,0.0,64795785.1659479,60622775.41567578,718566.9055238258,0.0,0.0,0.0,0.0,0.0,5004915308.842008,0.0,0.0,0.0,0.0,41041620.43184735,0.0,0.0,0.0,0.0,0.0,5131523.462118544,0.0,0.0,297368470.2226351,49603212.33310677,0.0,0.0,0.0,0.0,0.0,0.0,121464666.49091734,0.0,0.0,0.0,0.0,162436957.24528864,0.0,0.0,0.0,0.0,0.0,0.0,0.0,0.0,0.0,0.0,5417974781.109772,0.0,0.0,0.0,0.0,0.0,0.0,0.0,0.0,0.0,0.0,0.0,0.0
households_cooker_network_gas,407905484.43023914,0.0,0.0,0.0,0.0,0.0,0.0,0.0,630571275.9071373,0.0,0.0,0.0,0.0,0.0,0.0,0.0,0.0,0.0,0.0,0.0,0.0,0.0,0.0,0.0,0.0,0.0,0.0,122470656.46921855,0.0,0.0,7097095439.641209,0.0,0.0,0.0,0.0,0.0,0.0,0.0,0.0,0.0,0.0,0.0,0.0,0.0,0.0,0.0,0.0,0.0,0.0,0.0,0.0,0.0,0.0,0.0,0.0,0.0,0.0,0.0,0.0,0.0,0.0,0.0,7737632174.309222,0.0,0.0,0.0,0.0
households_cooker_wood_pellets,0.0,0.0,0.0,0.0,0.0,0.0,0.0,0.0,0.0,0.0,0.0,0.0,0.0,0.0,0.0,0.0,0.0,0.0,0.0,0.0,0.0,0.0,0.0,0.0,0.0,0.0,0.0,0.0,0.0,0.0,0.0,0.0,0.0,0.0,0.0,0.0,0.0,0.0,0.0,0.0,0.0,0.0,0.0,0.0,0.0,0.0,0.0,0.0,0.0,0.0,0.0,0.0,0.0,0.0,0.0,0.0,0.0,0.0,0.0,0.0,0.0,0.0,0.0,0.0,0.0,0.0,0.0
households_cooker_induction_electricity,28495148.68209855,0.0,0.0,0.0,0.0,0.0,0.0,0.0,82510234.85808595,77196370.48128721,915015.1353853354,0.0,0.0,0.0,0.0,0.0,6373203697.119559,0.0,0.0,0.0,0.0,52261944.69463383,0.0,0.0,0.0,0.0,0.0,6534425.116615306,0.0,0.0,378665714.97853726,63164180.95464361,0.0,0.0,0.0,0.0,0.0,0.0,154671760.41554585,0.0,0.0,0.0,0.0,206845421.46709186,0.0,0.0,0.0,0.0,0.0,0.0,0.0,0.0,0.0,0.0,6899189052.18369,0.0,0.0,0.0,0.0,0.0,0.0,0.0,0.0,0.0,0.0,0.0,0.0
households_cooker_resistive_electricity,0.0,0.0,0.0,0.0,0.0,0.0,0.0,0.0,0.0,0.0,0.0,0.0,0.0,0.0,0.0,0.0,0.0,0.0,0.0,0.0,0.0,0.0,0.0,0.0,0.0,0.0,0.0,0.0,0.0,0.0,0.0,0.0,0.0,0.0,0.0,0.0,0.0,0.0,0.0,0.0,0.0,0.0,0.0,0.0,0.0,0.0,0.0,0.0,0.0,0.0,0.0,0.0,0.0,0.0,0.0,0.0,0.0,0.0,0.0,0.0,0.0,0.0,0.0,0.0,0.0,0.0,0.0
households_cooker_halogen_electricity,5606684.324745431,0.0,0.0,0.0,0.0,0.0,0.0,0.0,16234652.627045892,15189100.612645015,180037.69952927862,0.0,0.0,0.0,0.0,0.0,1253986833.5376694,0.0,0.0,0.0,0.0,10283021.484432438,0.0,0.0,0.0,0.0,0.0,1285708.6404874916,0.0,0.0,74505985.28803083,12428137.406640938,0.0,0.0,0.0,0.0,0.0,0.0,30433100.88595601,0.0,0.0,0.0,0.0,40698751.74623927,0.0,0.0,0.0,0.0,0.0,0.0,0.0,0.0,0.0,0.0,1357479321.9673364,0.0,0.0,0.0,0.0,0.0,0.0,0.0,0.0,0.0,0.0,0.0,0.0
households_appliances_dishwasher_electricity,14207880.732192596,0.0,0.0,0.0,0.0,0.0,0.0,0.0,41140181.057744555,38490651.05757179,456232.95588814176,0.0,0.0,0.0,0.0,0.0,3177724005.6139617,0.0,0.0,0.0,0.0,26058171.70276013,0.0,0.0,0.0,0.0,0.0,3258110.1346784295,0.0,0.0,188805377.91913274,31494103.068639107,0.0,0.0,0.0,0.0,0.0,0.0,77120423.16883613,0.0,0.0,0.0,0.0,103134576.02875432,0.0,0.0,0.0,0.0,0.0,0.0,0.0,0.0,0.0,0.0,3439983988.006192,0.0,0.0,0.0,0.0,0.0,0.0,0.0,0.0,0.0,0.0,0.0,0.0
households_cooling_heatpump_ground_water_electricity,652028.5945629684,0.0,0.0,0.0,0.0,0.0,0.0,0.0,1888006.7295587154,1766414.3995815434,20937.459894847132,0.0,0.0,0.0,0.0,0.0,145832229.05262426,0.0,0.0,0.0,0.0,1195862.5915076328,0.0,0.0,0.0,0.0,0.0,149521.31229763638,0.0,0.0,8664663.47311068,1445328.5572940619,0.0,0.0,0.0,0.0,0.0,0.0,3539213.3477684073,0.0,0.0,0.0,0.0,4733055.824892092,0.0,0.0,0.0,0.0,0.0,0.0,0.0,0.0,0.0,0.0,157867873.98465526,0.0,0.0,0.0,0.0,0.0,0.0,0.0,0.0,0.0,0.0,0.0,0.0
households_cooling_heatpump_air_water_electricity,5.974208502671969e-09,0.0,0.0,0.0,0.0,0.0,0.0,0.0,1.729885153946618e-08,1.618476246781096e-08,1.9183936405732168e-10,0.0,0.0,0.0,0.0,0.0,1.3361870170030654e-06,0.0,0.0,0.0,0.0,1.0957084584612162e-08,0.0,0.0,0.0,0.0,0.0,1.3699882224612222e-09,0.0,0.0,7.938993262794703e-08,1.3242815158939958e-08,0.0,0.0,0.0,0.0,0.0,0.0,3.2428023327995624e-08,0.0,0.0,0.0,0.0,4.33665986253931e-08,0.0,0.0,0.0,0.0,0.0,0.0,0.0,0.0,0.0,0.0,1.4464635491791962e-06,0.0,0.0,0.0,0.0,0.0,0.0,0.0,0.0,0.0,0.0,0.0,0.0
households_water_heater_solar_thermal,0.0,0.0,0.0,0.0,0.0,0.0,0.0,0.0,0.0,0.0,0.0,0.0,0.0,0.0,0.0,0.0,0.0,0.0,0.0,0.0,0.0,0.0,0.0,0.0,0.0,0.0,0.0,0.0,0.0,0.0,0.0,0.0,0.0,0.0,0.0,1250922937.2587185,0.0,0.0,0.0,0.0,0.0,0.0,0.0,0.0,0.0,0.0,0.0,0.0,0.0,0.0,0.0,0.0,0.0,0.0,0.0,0.0,0.0,0.0,0.0,0.0,0.0,0.0,0.0,1250922937.2587185,0.0,0.0,0.0
households_lighting_efficient_fluorescent_electricity,1421080.4185112289,0.0,0.0,0.0,0.0,0.0,0.0,0.0,4114864.6175427963,3849857.100061862,45632.683164569426,0.0,0.0,0.0,0.0,0.0,317837786.2913111,0.0,0.0,0.0,0.0,2606353.3504395587,0.0,0.0,0.0,0.0,0.0,325878.0532450302,0.0,0.0,18884422.70370086,3150058.3382579274,0.0,0.0,0.0,0.0,0.0,0.0,7713629.16808634,0.0,0.0,0.0,0.0,10315579.728497792,0.0,0.0,0.0,0.0,0.0,0.0,0.0,0.0,0.0,0.0,344069180.8646229,0.0,0.0,0.0,0.0,0.0,0.0,0.0,0.0,0.0,0.0,0.0,0.0
households_lighting_led_electricity,6007294.486920813,0.0,0.0,0.0,0.0,0.0,0.0,0.0,17394654.946612395,16274395.89721701,192901.79670838668,0.0,0.0,0.0,0.0,0.0,1343587003.5583224,0.0,0.0,0.0,0.0,11017766.418501554,0.0,0.0,0.0,0.0,0.0,1377575.4047179483,0.0,0.0,79829604.93922815,13316155.681548618,0.0,0.0,0.0,0.0,0.0,0.0,32607614.15891011,0.0,0.0,0.0,0.0,43606768.783231415,0.0,0.0,0.0,0.0,0.0,0.0,0.0,0.0,0.0,0.0,1454474262.2608147,0.0,0.0,0.0,0.0,0.0,0.0,0.0,0.0,0.0,0.0,0.0,0.0
households_lighting_incandescent_electricity,2583782.5727693136,0.0,0.0,0.0,0.0,0.0,0.0,0.0,7481572.013532135,6999740.164749478,82968.5146410217,0.0,0.0,0.0,0.0,0.0,577886882.7475705,0.0,0.0,0.0,0.0,4738824.261894811,0.0,0.0,0.0,0.0,0.0,592505.5499002687,0.0,0.0,34335313.92245124,5727378.782774484,0.0,0.0,0.0,0.0,0.0,0.0,14024780.271187067,0.0,0.0,0.0,0.0,18755599.46032315,0.0,0.0,0.0,0.0,0.0,0.0,0.0,0.0,0.0,0.0,625580327.3092536,0.0,0.0,0.0,0.0,0.0,0.0,0.0,0.0,0.0,0.0,0.0,0.0
households_cooling_airconditioning_electricity,29219013.91879687,0.0,0.0,0.0,0.0,0.0,0.0,0.0,84606250.96777217,79157397.93947323,938259.3603917612,0.0,0.0,0.0,0.0,0.0,6535102855.962703,0.0,0.0,0.0,0.0,53589560.33155317,0.0,0.0,0.0,0.0,0.0,6700419.800008474,0.0,0.0,388284999.6666244,64768747.237405725,0.0,0.0,0.0,0.0,0.0,0.0,158600903.2922097,0.0,0.0,0.0,0.0,212099937.3020734,0.0,0.0,0.0,0.0,0.0,0.0,0.0,0.0,0.0,0.0,7074449871.9113245,0.0,0.0,0.0,0.0,0.0,0.0,0.0,0.0,0.0,0.0,0.0,0.0
households_appliances_washing_machine_electricity,10627494.787679946,0.0,0.0,0.0,0.0,0.0,0.0,0.0,30772855.431192588,28791006.991063386,341262.25100432633,0.0,0.0,0.0,0.0,0.0,2376937556.1992173,0.0,0.0,0.0,0.0,19491512.433664367,0.0,0.0,0.0,0.0,0.0,2437066.3807394383,0.0,0.0,141226422.68350974,23557589.095341794,0.0,0.0,0.0,0.0,0.0,0.0,57686076.5302888,0.0,0.0,0.0,0.0,77144662.86950739,0.0,0.0,0.0,0.0,0.0,0.0,0.0,0.0,0.0,0.0,2573108023.0286036,0.0,0.0,0.0,0.0,0.0,0.0,0.0,0.0,0.0,0.0,0.0,0.0
households_water_heater_heatpump_ground_water_electricity,5597131.908945864,0.0,0.0,0.0,0.0,0.0,0.0,0.0,16206992.758347629,15163222.108297436,179730.95941945817,0.0,0.0,0.0,0.0,0.0,1251850347.3459527,0.0,0.0,0.0,0.0,10265501.736359298,0.0,0.0,0.0,0.0,0.0,1283518.108112265,0.0,0.0,74379045.35173257,12406962.90683926,0.0,0.0,0.0,0.0,0.0,0.0,30381250.341695882,0.0,0.0,0.0,0.0,40629411.04919172,0.0,0.0,0.0,0.0,0.0,0.0,0.0,0.0,0.0,0.0,1355166509.943033,0.0,0.0,0.0,0.0,0.0,0.0,0.0,0.0,0.0,0.0,0.0,0.0
households_water_heater_district_heating_steam_hot_water,182023772.1742959,0.0,0.0,0.0,0.0,0.0,0.0,0.0,565773086.7896553,373165043.24875903,3267903.389360501,0.0,0.0,4.263739925727201e-08,0.0,0.0,491431550.55773777,0.0,0.0,0.0,0.0,8494211.952682626,0.0,0.0,0.0,0.0,0.0,44914461.566555165,0.0,0.0,2602764037.915122,305333841.09588,0.0,0.0,0.0,0.0,0.0,0.0,25139032.306218278,0.0,0.0,0.0,0.0,3744054513.940975,0.0,0.0,0.0,0.0,0.0,0.0,0.0,0.0,0.0,0.0,0.0,0.0,0.0,0.0,0.0,0.0,0.0,0.0,0.0,0.0,7854545123.048008,0.0,0.0
households_water_heater_coal,0.0,0.0,0.0,0.0,0.0,0.0,0.0,0.0,0.0,0.0,0.0,0.0,0.0,0.0,0.0,0.0,0.0,0.0,0.0,0.0,0.0,0.0,0.0,0.0,0.0,0.0,0.0,0.0,0.0,0.0,0.0,0.0,0.0,0.0,0.0,0.0,0.0,0.0,0.0,0.0,0.0,0.0,0.0,0.0,0.0,0.0,0.0,0.0,0.0,0.0,0.0,0.0,0.0,0.0,0.0,0.0,0.0,0.0,0.0,0.0,0.0,0.0,0.0,0.0,0.0,0.0,0.0
households_water_heater_combined_network_gas,1023344626.2160262,0.0,0.0,0.0,0.0,0.0,0.0,0.0,1581963840.3418214,0.0,0.0,0.0,0.0,0.0,0.0,0.0,0.0,0.0,0.0,0.0,0.0,0.0,0.0,0.0,0.0,0.0,0.0,307251784.9128306,0.0,0.0,17805042484.397366,0.0,0.0,0.0,0.0,0.0,0.0,0.0,0.0,0.0,0.0,0.0,0.0,0.0,0.0,0.0,0.0,0.0,0.0,0.0,0.0,0.0,0.0,0.0,0.0,0.0,0.0,0.0,0.0,0.0,0.0,0.0,19412007456.275738,0.0,0.0,0.0,0.0
households_water_heater_resistive_electricity,4242036.832169228,0.0,0.0,0.0,0.0,0.0,0.0,0.0,12283194.560722575,11492126.275414996,136217.1487364581,0.0,0.0,0.0,0.0,0.0,948770793.3625432,0.0,0.0,0.0,0.0,7780169.768150893,0.0,0.0,0.0,0.0,0.0,972771.6226709094,0.0,0.0,56371487.22890439,9403171.924901403,0.0,0.0,0.0,0.0,0.0,0.0,23025789.824756905,0.0,0.0,0.0,0.0,30792816.918348186,0.0,0.0,0.0,0.0,0.0,0.0,0.0,0.0,0.0,0.0,1027073569.5388047,0.0,0.0,0.0,0.0,0.0,0.0,0.0,0.0,0.0,0.0,0.0,0.0
households_water_heater_combined_hydrogen,0.0,0.0,0.0,0.0,0.0,0.0,0.0,0.0,0.0,0.0,0.0,0.0,0.0,0.0,0.0,0.0,0.0,0.0,0.0,0.0,0.0,0.0,0.0,0.0,0.0,0.0,0.0,0.0,0.0,0.0,0.0,0.0,0.0,0.0,0.0,0.0,0.0,0.0,0.0,0.0,0.0,0.0,0.0,0.0,0.0,0.0,0.0,0.0,0.0,0.0,0.0,0.0,0.0,0.0,0.0,0.0,0.0,0.0,0.0,0.0,0.0,0.0,0.0,0.0,0.0,0.0,0.0
households_water_heater_network_gas,84448998.77664608,0.0,0.0,0.0,0.0,0.0,0.0,0.0,130547675.72456385,0.0,0.0,0.0,0.0,0.0,0.0,0.0,0.0,0.0,0.0,0.0,0.0,0.0,0.0,0.0,0.0,0.0,0.0,25355197.988549914,0.0,0.0,1469317346.7308495,0.0,0.0,0.0,0.0,0.0,0.0,0.0,0.0,0.0,0.0,0.0,0.0,0.0,0.0,0.0,0.0,0.0,0.0,0.0,0.0,0.0,0.0,0.0,0.0,0.0,0.0,0.0,0.0,0.0,0.0,0.0,1601928179.3553052,0.0,0.0,0.0,0.0
households_water_heater_heatpump_pvt_electricity,0.0,0.0,0.0,0.0,0.0,0.0,0.0,0.0,0.0,0.0,0.0,0.0,0.0,0.0,0.0,0.0,0.0,0.0,0.0,0.0,0.0,0.0,0.0,0.0,0.0,0.0,0.0,0.0,0.0,0.0,0.0,0.0,0.0,0.0,0.0,0.0,0.0,0.0,0.0,0.0,0.0,0.0,0.0,0.0,0.0,0.0,0.0,0.0,0.0,0.0,0.0,0.0,0.0,0.0,0.0,0.0,0.0,0.0,0.0,0.0,0.0,0.0,0.0,0.0,0.0,0.0,0.0
households_water_heater_crude_oil,0.0,0.0,0.0,0.0,0.0,0.0,0.0,0.0,0.0,0.0,0.0,0.0,0.0,0.0,0.0,0.0,0.0,0.0,0.0,0.0,0.0,0.0,0.0,0.0,0.0,0.0,0.0,0.0,0.0,0.0,0.0,0.0,0.0,0.0,0.0,0.0,0.0,0.0,0.0,0.0,0.0,0.0,0.0,0.0,0.0,0.0,0.0,0.0,0.0,0.0,0.0,0.0,0.0,0.0,0.0,0.0,0.0,0.0,0.0,0.0,0.0,0.0,0.0,0.0,0.0,0.0,0.0
households_water_heater_wood_pellets,0.0,0.0,0.0,0.0,0.0,0.0,0.0,0.0,0.0,0.0,0.0,0.0,0.0,0.0,0.0,0.0,0.0,0.0,0.0,0.0,0.0,0.0,0.0,0.0,0.0,0.0,0.0,0.0,0.0,0.0,0.0,0.0,0.0,0.0,0.0,0.0,0.0,0.0,0.0,0.0,0.0,0.0,0.0,2974755765.4325137,0.0,0.0,0.0,0.0,0.0,0.0,0.0,0.0,0.0,0.0,0.0,0.0,0.0,0.0,0.0,0.0,0.0,0.0,0.0,0.0,0.0,0.0,2974755765.4325137
households_water_heater_hybrid_heatpump_air_water_electricity,283922803.9904457,0.0,0.0,0.0,0.0,0.0,0.0,0.0,451523169.7018358,25317937.55633173,300095.6640364326,0.0,0.0,0.0,0.0,0.0,2090206731.6308494,0.0,0.0,0.0,0.0,17140244.3418236,0.0,0.0,0.0,0.0,0.0,84582922.81339532,0.0,0.0,4901525745.649517,20715828.72661294,0.0,0.0,0.0,0.0,0.0,0.0,50727384.55855179,0.0,0.0,0.0,0.0,67838674.69243778,0.0,0.0,0.0,0.0,0.0,0.0,0.0,0.0,0.0,0.0,2262713085.129512,0.0,0.0,0.0,0.0,0.0,0.0,0.0,5208506115.723807,0.0,0.0,0.0,0.0
households_water_heater_heatpump_air_water_electricity,8082467.647883438,0.0,0.0,0.0,0.0,0.0,0.0,0.0,23403503.217328377,21896259.391725954,259538.22215785694,0.0,0.0,0.0,0.0,0.0,1807718684.679148,0.0,0.0,0.0,0.0,14823768.141108816,0.0,0.0,0.0,0.0,0.0,1853448.1146869597,0.0,0.0,107406121.11981727,17916118.10019039,0.0,0.0,0.0,0.0,0.0,0.0,43871660.87626676,0.0,0.0,0.0,0.0,58670387.92364222,0.0,0.0,0.0,0.0,0.0,0.0,0.0,0.0,0.0,0.0,1956911084.5151622,0.0,0.0,0.0,0.0,0.0,0.0,0.0,0.0,0.0,0.0,0.0,0.0
households_water_heater_hybrid_hydrogen_heatpump_air_water_electricity,0.0,0.0,0.0,0.0,0.0,0.0,0.0,0.0,0.0,0.0,0.0,0.0,0.0,0.0,0.0,0.0,0.0,0.0,0.0,0.0,0.0,0.0,0.0,0.0,0.0,0.0,0.0,0.0,0.0,0.0,0.0,0.0,0.0,0.0,0.0,0.0,0.0,0.0,0.0,0.0,0.0,0.0,0.0,0.0,0.0,0.0,0.0,0.0,0.0,0.0,0.0,0.0,0.0,0.0,0.0,0.0,0.0,0.0,0.0,0.0,0.0,0.0,0.0,0.0,0.0,0.0,0.0
households_space_heater_heatpump_ground_water_electricity,19047889.647389397,0.0,0.0,0.0,0.0,0.0,0.0,0.0,55154856.91584951,51602746.927595824,611651.7418089625,0.0,0.0,0.0,0.0,0.0,4260236788.984782,0.0,0.0,0.0,0.0,34935060.925888106,0.0,0.0,0.0,0.0,0.0,4368006.986698462,0.0,0.0,253123183.62080547,42222778.40745697,0.0,0.0,0.0,0.0,0.0,0.0,103392007.41962212,0.0,0.0,0.0,0.0,138268054.19155836,0.0,0.0,0.0,0.0,0.0,0.0,0.0,0.0,0.0,0.0,4611837375.848843,0.0,0.0,0.0,0.0,0.0,0.0,0.0,0.0,0.0,0.0,0.0,0.0
households_space_heater_district_heating_steam_hot_water,991127250.7366804,0.0,0.0,0.0,0.0,0.0,0.0,0.0,3080658736.781316,2031899674.2470825,17793874.191710267,0.0,0.0,2.3216246866896715e-07,0.0,0.0,2675865881.755061,0.0,0.0,0.0,0.0,46251348.597344525,0.0,0.0,0.0,0.0,0.0,244561170.65935823,0.0,0.0,14172161879.740446,1662555867.6613586,0.0,0.0,0.0,0.0,0.0,0.0,136883109.7071461,0.0,0.0,0.0,0.0,20386537498.285046,0.0,0.0,0.0,0.0,0.0,0.0,0.0,0.0,0.0,0.0,0.0,0.0,0.0,0.0,0.0,0.0,0.0,0.0,0.0,0.0,42768335259.74524,0.0,0.0
households_space_heater_coal,0.0,0.0,0.0,0.0,0.0,0.0,0.0,0.0,0.0,0.0,0.0,0.0,0.0,0.0,0.0,0.0,0.0,0.0,0.0,0.0,0.0,0.0,0.0,0.0,0.0,0.0,0.0,0.0,0.0,0.0,0.0,0.0,0.0,0.0,0.0,0.0,0.0,0.0,0.0,0.0,0.0,0.0,0.0,0.0,0.0,0.0,0.0,0.0,0.0,0.0,0.0,0.0,0.0,0.0,0.0,0.0,0.0,0.0,0.0,0.0,0.0,0.0,0.0,0.0,0.0,0.0,0.0
households_space_heater_hybrid_hydrogen_heatpump_air_water_electricity,0.0,0.0,0.0,0.0,0.0,0.0,0.0,0.0,0.0,0.0,0.0,0.0,0.0,0.0,0.0,0.0,0.0,0.0,0.0,0.0,0.0,0.0,0.0,0.0,0.0,0.0,0.0,0.0,0.0,0.0,0.0,0.0,0.0,0.0,0.0,0.0,0.0,0.0,0.0,0.0,0.0,0.0,0.0,0.0,0.0,0.0,0.0,0.0,0.0,0.0,0.0,0.0,0.0,0.0,0.0,0.0,0.0,0.0,0.0,0.0,0.0,0.0,0.0,0.0,0.0,0.0,0.0
households_space_heater_heatpump_air_water_electricity,27025804.163048714,0.0,0.0,0.0,0.0,0.0,0.0,0.0,78255617.24907495,73215760.83005635,867832.6311273136,0.0,0.0,0.0,0.0,0.0,6044571198.106359,0.0,0.0,0.0,0.0,49567071.863870606,0.0,0.0,0.0,0.0,0.0,6197479.27936575,0.0,0.0,359139921.34036124,59907137.3041122,0.0,0.0,0.0,0.0,0.0,0.0,146696153.55159056,0.0,0.0,0.0,0.0,196179494.09419274,0.0,0.0,0.0,0.0,0.0,0.0,0.0,0.0,0.0,0.0,6543434262.734802,0.0,0.0,0.0,0.0,0.0,0.0,0.0,0.0,0.0,0.0,0.0,0.0
households_space_heater_hybrid_heatpump_air_water_electricity,268709284.6774909,0.0,0.0,0.0,0.0,0.0,0.0,0.0,524307690.6271714,218614073.3081414,2591251.177199817,0.0,0.0,0.0,0.0,0.0,18048413566.121597,0.0,0.0,0.0,0.0,148001732.9502329,0.0,0.0,0.0,0.0,0.0,74954593.37709446,0.0,0.0,4343570273.671553,178876011.91061744,0.0,0.0,0.0,0.0,0.0,0.0,438018307.8475169,0.0,0.0,0.0,0.0,585770028.4370444,0.0,0.0,0.0,0.0,0.0,0.0,0.0,0.0,0.0,0.0,19537962883.713837,0.0,0.0,0.0,0.0,0.0,0.0,0.0,3566457119.788835,0.0,0.0,0.0,0.0
households_space_heater_wood_pellets,0.0,0.0,0.0,0.0,0.0,0.0,0.0,0.0,0.0,0.0,0.0,0.0,0.0,0.0,0.0,0.0,0.0,0.0,0.0,0.0,0.0,0.0,0.0,0.0,0.0,0.0,0.0,0.0,0.0,0.0,0.0,0.0,0.0,0.0,0.0,0.0,0.0,0.0,0.0,0.0,0.0,0.0,0.0,16197672799.479336,0.0,0.0,0.0,0.0,0.0,0.0,0.0,0.0,0.0,0.0,0.0,0.0,0.0,0.0,0.0,0.0,0.0,0.0,0.0,0.0,0.0,0.0,16197672799.479336
households_space_heater_crude_oil,0.0,0.0,0.0,0.0,0.0,0.0,0.0,0.0,0.0,0.0,0.0,0.0,0.0,0.0,0.0,0.0,0.0,0.0,0.0,0.0,0.0,0.0,0.0,0.0,0.0,0.0,0.0,0.0,0.0,0.0,0.0,0.0,0.0,0.0,0.0,0.0,0.0,0.0,0.0,0.0,0.0,0.0,0.0,0.0,0.0,0.0,0.0,0.0,0.0,0.0,0.0,0.0,0.0,0.0,0.0,0.0,0.0,0.0,0.0,0.0,0.0,0.0,0.0,0.0,0.0,0.0,0.0
households_space_heater_heatpump_pvt_electricity,0.0,0.0,0.0,0.0,0.0,0.0,0.0,0.0,0.0,0.0,0.0,0.0,0.0,0.0,0.0,0.0,0.0,0.0,0.0,0.0,0.0,0.0,0.0,0.0,0.0,0.0,0.0,0.0,0.0,0.0,0.0,0.0,0.0,0.0,0.0,0.0,0.0,0.0,0.0,0.0,0.0,0.0,0.0,0.0,0.0,0.0,0.0,0.0,0.0,0.0,0.0,0.0,0.0,0.0,0.0,0.0,0.0,0.0,0.0,0.0,0.0,0.0,0.0,0.0,0.0,0.0,0.0
households_space_heater_combined_hydrogen,0.0,0.0,0.0,0.0,0.0,0.0,0.0,0.0,0.0,0.0,0.0,0.0,0.0,0.0,0.0,0.0,0.0,0.0,0.0,0.0,0.0,0.0,0.0,0.0,0.0,0.0,0.0,0.0,0.0,0.0,0.0,0.0,0.0,0.0,0.0,0.0,0.0,0.0,0.0,0.0,0.0,0.0,0.0,0.0,0.0,0.0,0.0,0.0,0.0,0.0,0.0,0.0,0.0,0.0,0.0,0.0,0.0,0.0,0.0,0.0,0.0,0.0,0.0,0.0,0.0,0.0,0.0
households_space_heater_combined_network_gas,4686859686.347651,0.0,0.0,0.0,0.0,0.0,0.0,0.0,7245303643.186003,0.0,0.0,0.0,0.0,0.0,0.0,0.0,0.0,0.0,0.0,0.0,0.0,0.0,0.0,0.0,0.0,0.0,0.0,1407195550.1355355,0.0,0.0,81546073234.77863,0.0,0.0,0.0,0.0,0.0,0.0,0.0,0.0,0.0,0.0,0.0,0.0,0.0,0.0,0.0,0.0,0.0,0.0,0.0,0.0,0.0,0.0,0.0,0.0,0.0,0.0,0.0,0.0,0.0,0.0,0.0,88905880626.27179,0.0,0.0,0.0,0.0
households_space_heater_network_gas,385106303.69907624,0.0,0.0,0.0,0.0,0.0,0.0,0.0,595326570.8662922,0.0,0.0,0.0,0.0,0.0,0.0,0.0,0.0,0.0,0.0,0.0,0.0,0.0,0.0,0.0,0.0,0.0,0.0,115625368.1912096,0.0,0.0,6700415405.243769,0.0,0.0,0.0,0.0,0.0,0.0,0.0,0.0,0.0,0.0,0.0,0.0,0.0,0.0,0.0,0.0,0.0,0.0,0.0,0.0,0.0,0.0,0.0,0.0,0.0,0.0,0.0,0.0,0.0,0.0,0.0,7305150432.565181,0.0,0.0,0.0,0.0
households_space_heater_electricity,21943168.961565297,0.0,0.0,0.0,0.0,0.0,0.0,0.0,63538395.42121232,59446364.69837595,704622.8093824172,0.0,0.0,0.0,0.0,0.0,4907792800.541649,0.0,0.0,0.0,0.0,40245190.347603925,0.0,0.0,0.0,0.0,0.0,5031944.068804413,0.0,0.0,291597908.69756,48640640.91995307,0.0,0.0,0.0,0.0,0.0,0.0,119107593.02383526,0.0,0.0,0.0,0.0,159284799.0658147,0.0,0.0,0.0,0.0,0.0,0.0,0.0,0.0,0.0,0.0,5312836678.229222,0.0,0.0,0.0,0.0,0.0,0.0,0.0,0.0,0.0,0.0,0.0,0.0
agriculture_useful_demand_electricity,275395110.6435164,0.0,0.0,0.0,0.0,0.0,0.0,0.0,797431012.2564926,746074471.3828355,8843284.071307346,0.0,0.0,0.0,0.0,0.0,29222058506.353058,0.0,0.0,0.0,0.0,505092435.28411233,0.0,0.0,0.0,0.0,0.0,63152810.60851498,0.0,0.0,3659664584.9029675,610458530.9161508,0.0,0.0,0.0,0.0,0.0,0.0,1494845562.9510934,0.0,0.0,0.0,0.0,1999084769.3600934,0.0,0.0,0.0,0.0,0.0,0.0,0.0,0.0,0.0,0.0,34592010162.68275,0.0,0.0,0.0,0.0,0.0,0.0,0.0,0.0,0.0,0.0,0.0,0.0
agriculture_geothermal,3758041.7460140893,0.0,0.0,0.0,0.0,0.0,0.0,0.0,10881743.784860926,10180932.415758917,120675.45656194769,0.0,0.0,0.0,0.0,0.0,398764217.39924717,0.0,0.0,0.0,0.0,6892491.49325194,0.0,0.0,0.0,0.0,0.0,861783.2687383194,0.0,0.0,49939783.80493976,8330317.259564381,0.0,0.0,0.0,0.0,0.0,0.0,20398662.911216058,0.0,0.0,0.0,0.0,27279511.243033197,0.0,0.0,0.0,0.0,0.0,0.0,0.0,0.0,0.0,0.0,472042578.99182826,0.0,0.0,0.0,0.0,0.0,0.0,0.0,0.0,0.0,0.0,0.0,0.0
agriculture_burner_wood_pellets,0.0,0.0,0.0,0.0,0.0,0.0,0.0,0.0,0.0,0.0,0.0,0.0,0.0,0.0,0.0,0.0,0.0,0.0,0.0,0.0,0.0,0.0,0.0,0.0,0.0,0.0,0.0,0.0,0.0,0.0,0.0,0.0,0.0,0.0,0.0,0.0,0.0,0.0,0.0,0.0,0.0,0.0,0.0,2851362542.534966,0.0,0.0,0.0,0.0,0.0,0.0,0.0,0.0,0.0,0.0,0.0,0.0,0.0,0.0,0.0,0.0,0.0,0.0,0.0,0.0,0.0,0.0,2851362542.534966
agriculture_burner_hydrogen,0.0,0.0,0.0,0.0,0.0,0.0,0.0,0.0,0.0,0.0,0.0,0.0,0.0,0.0,0.0,0.0,0.0,0.0,0.0,0.0,0.0,0.0,0.0,0.0,0.0,0.0,0.0,0.0,0.0,0.0,0.0,0.0,0.0,0.0,0.0,0.0,0.0,0.0,0.0,0.0,0.0,0.0,0.0,0.0,0.0,0.0,0.0,0.0,0.0,0.0,0.0,0.0,0.0,0.0,0.0,0.0,0.0,0.0,0.0,0.0,0.0,0.0,0.0,0.0,0.0,0.0,0.0
agriculture_burner_network_gas,2710845343.708094,0.0,0.0,0.0,0.0,0.0,0.0,0.0,4190630605.412409,0.0,0.0,0.0,0.0,0.0,0.0,0.0,0.0,0.0,0.0,0.0,0.0,0.0,0.0,0.0,0.0,0.0,0.0,813911608.2103913,0.0,0.0,47165651997.2426,0.0,0.0,0.0,0.0,0.0,0.0,0.0,0.0,0.0,0.0,0.0,0.0,0.0,0.0,0.0,0.0,0.0,0.0,0.0,0.0,0.0,0.0,0.0,0.0,0.0,0.0,0.0,0.0,0.0,0.0,0.0,51422510732.72678,0.0,0.0,0.0,0.0
agriculture_final_demand_steam_hot_water,946828521.9882475,0.0,0.0,0.0,0.0,0.0,0.0,0.0,2942967773.6423936,1941083310.9127092,16998571.66560534,0.0,0.0,2.2178589773169456e-07,0.0,0.0,2556267256.2758927,0.0,0.0,0.0,0.0,44184130.74591314,0.0,0.0,0.0,0.0,0.0,233630436.0302925,0.0,0.0,13538732868.054138,1588247436.1699386,0.0,0.0,0.0,0.0,0.0,0.0,130765078.20044318,0.0,0.0,0.0,0.0,19475355110.670303,0.0,0.0,0.0,0.0,0.0,0.0,0.0,0.0,0.0,0.0,0.0,0.0,0.0,0.0,0.0,0.0,0.0,0.0,0.0,0.0,0.0,40856791730.611824,0.0
agriculture_heatpump_water_water_ts_electricity,1668695.6874068095,0.0,0.0,0.0,0.0,0.0,0.0,0.0,4831856.629725475,4520673.043075185,53583.921507617786,0.0,0.0,0.0,0.0,0.0,177064592.36969328,0.0,0.0,0.0,0.0,3060495.760185872,0.0,0.0,0.0,0.0,0.0,382660.47085512755,0.0,0.0,22174927.128927898,3698938.2836178527,0.0,0.0,0.0,0.0,0.0,0.0,9057685.659004346,0.0,0.0,0.0,0.0,12113011.46776681,0.0,0.0,0.0,0.0,0.0,0.0,0.0,0.0,0.0,0.0,209602625.26926672,0.0,0.0,0.0,0.0,0.0,0.0,0.0,0.0,0.0,0.0,0.0,0.0
agriculture_burner_crude_oil,1373503481.0822783,0.0,0.0,0.0,0.0,0.0,0.0,529960137.47483957,0.0,0.0,0.0,0.0,0.0,18738110246.688656,0.0,0.0,0.0,0.0,0.0,0.0,0.0,0.0,0.0,0.0,0.0,0.0,0.0,0.0,0.0,0.0,0.0,0.0,0.0,0.0,0.0,0.0,0.0,0.0,0.0,0.0,0.0,0.0,0.0,0.0,0.0,0.0,0.0,0.0,0.0,0.0,0.0,0.0,19102265399.33555,0.0,0.0,0.0,0.0,0.0,0.0,0.0,0.0,0.0,0.0,0.0,0.0,0.0,0.0
bunkers_ship_using_heavy_fuel_oil,0.0,0.0,0.0,0.0,0.0,0.0,0.0,0.0,0.0,0.0,0.0,0.0,0.0,0.0,0.0,0.0,0.0,0.0,0.0,0.0,0.0,0.0,0.0,0.0,0.0,0.0,0.0,0.0,0.0,0.0,0.0,0.0,0.0,0.0,0.0,0.0,0.0,0.0,0.0,0.0,0.0,0.0,0.0,0.0,0.0,0.0,0.0,0.0,0.0,0.0,0.0,0.0,0.0,0.0,0.0,0.0,0.0,0.0,0.0,0.0,0.0,0.0,0.0,0.0,0.0,0.0,0.0
bunkers_plane_using_kerosene,0.0,0.0,0.0,0.0,0.0,0.0,0.0,0.0,0.0,0.0,0.0,0.0,0.0,0.0,0.0,0.0,0.0,0.0,0.0,0.0,0.0,0.0,0.0,0.0,0.0,0.0,0.0,0.0,0.0,0.0,0.0,0.0,0.0,0.0,0.0,0.0,0.0,0.0,0.0,0.0,0.0,0.0,0.0,0.0,0.0,0.0,0.0,0.0,0.0,0.0,0.0,0.0,0.0,0.0,0.0,0.0,0.0,0.0,0.0,0.0,0.0,0.0,0.0,0.0,0.0,0.0,0.0
bunkers_ship_using_lng,0.0,0.0,0.0,0.0,0.0,0.0,0.0,0.0,0.0,0.0,0.0,0.0,0.0,0.0,0.0,0.0,0.0,0.0,0.0,0.0,0.0,0.0,0.0,0.0,0.0,0.0,0.0,0.0,0.0,0.0,0.0,0.0,0.0,0.0,0.0,0.0,0.0,0.0,0.0,0.0,0.0,0.0,0.0,0.0,0.0,0.0,0.0,0.0,0.0,0.0,0.0,0.0,0.0,0.0,0.0,0.0,0.0,0.0,0.0,0.0,0.0,0.0,0.0,0.0,0.0,0.0,0.0
energy_power_sector_own_use_electricity,114617398.91863087,0.0,0.0,0.0,0.0,0.0,0.0,0.0,118189468.96487536,437657604.19478023,5187592.751550186,0.0,0.0,0.0,0.0,0.0,17142063702.870735,0.0,0.0,0.0,0.0,296294208.6915606,0.0,0.0,0.0,0.0,0.0,22954965.4494701,0.0,0.0,1330225421.3808517,358103417.753766,0.0,0.0,0.0,0.0,0.0,0.0,876897083.0884597,0.0,0.0,0.0,0.0,5187592.751550186,0.0,0.0,0.0,0.0,0.0,0.0,0.0,0.0,0.0,0.0,17945630000.0,0.0,0.0,0.0,0.0,0.0,0.0,0.0,0.0,0.0,0.0,0.0,0.0
energy_export_non_biogenic_waste,0.0,0.0,0.0,0.0,0.0,0.0,0.0,0.0,0.0,0.0,0.0,0.0,0.0,0.0,0.0,0.0,0.0,0.0,0.0,0.0,0.0,0.0,0.0,0.0,0.0,0.0,0.0,0.0,0.0,0.0,0.0,0.0,0.0,0.0,0.0,0.0,0.0,0.0,0.0,0.0,0.0,0.0,0.0,0.0,0.0,0.0,0.0,0.0,0.0,0.0,0.0,0.0,0.0,0.0,0.0,0.0,0.0,0.0,0.0,0.0,0.0,0.0,0.0,0.0,0.0,0.0,0.0
energy_offshore_sequestration_co2_electricity,0.0,0.0,0.0,0.0,0.0,0.0,0.0,0.0,0.0,0.0,0.0,0.0,0.0,0.0,0.0,0.0,0.0,0.0,0.0,0.0,0.0,0.0,0.0,0.0,0.0,0.0,0.0,0.0,0.0,0.0,0.0,0.0,0.0,0.0,0.0,0.0,0.0,0.0,0.0,0.0,0.0,0.0,0.0,0.0,0.0,0.0,0.0,0.0,0.0,0.0,0.0,0.0,0.0,0.0,0.0,0.0,0.0,0.0,0.0,0.0,0.0,0.0,0.0,0.0,0.0,0.0,0.0
energy_export_uranium_oxide,0.0,0.0,0.0,0.0,0.0,0.0,0.0,0.0,0.0,0.0,0.0,0.0,0.0,0.0,0.0,0.0,0.0,0.0,0.0,0.0,0.0,0.0,0.0,0.0,0.0,0.0,0.0,0.0,0.0,0.0,0.0,0.0,0.0,0.0,0.0,0.0,0.0,0.0,0.0,0.0,0.0,0.0,0.0,0.0,0.0,0.0,0.0,0.0,0.0,0.0,0.0,0.0,0.0,0.0,0.0,0.0,0.0,0.0,0.0,0.0,0.0,0.0,0.0,0.0,0.0,0.0,0.0
energy_production_synthetic_methanol,0.0,0.0,0.0,0.0,0.0,0.0,0.0,0.0,0.0,0.0,0.0,0.0,0.0,0.0,0.0,0.0,0.0,0.0,0.0,0.0,0.0,0.0,0.0,0.0,0.0,0.0,0.0,0.0,0.0,0.0,0.0,0.0,0.0,0.0,0.0,0.0,0.0,0.0,0.0,0.0,0.0,0.0,0.0,0.0,0.0,0.0,0.0,0.0,0.0,0.0,0.0,0.0,0.0,0.0,0.0,0.0,0.0,0.0,0.0,0.0,0.0,0.0,0.0,0.0,0.0,0.0,0.0
other_burner_coal,0.0,0.0,0.0,0.0,0.0,0.0,0.0,0.0,0.0,0.0,0.0,0.0,0.0,0.0,0.0,0.0,0.0,0.0,0.0,0.0,0.0,0.0,0.0,0.0,0.0,0.0,0.0,0.0,0.0,0.0,0.0,0.0,0.0,0.0,0.0,0.0,0.0,0.0,0.0,0.0,0.0,0.0,0.0,0.0,0.0,0.0,0.0,0.0,0.0,0.0,0.0,0.0,0.0,0.0,0.0,0.0,0.0,0.0,0.0,0.0,0.0,0.0,0.0,0.0,0.0,0.0,0.0
other_burner_network_gas,9250268.52408682,0.0,0.0,0.0,0.0,0.0,0.0,0.0,14299767.589211276,0.0,0.0,0.0,0.0,0.0,0.0,0.0,0.0,0.0,0.0,0.0,0.0,0.0,0.0,0.0,0.0,0.0,0.0,2777325.880390831,0.0,0.0,160944240.917606,0.0,0.0,0.0,0.0,0.0,0.0,0.0,0.0,0.0,0.0,0.0,0.0,0.0,0.0,0.0,0.0,0.0,0.0,0.0,0.0,0.0,0.0,0.0,0.0,0.0,0.0,0.0,0.0,0.0,0.0,0.0,175470000.0,0.0,0.0,0.0,0.0
other_useful_demand_crude_oil_non_energetic,0.0,0.0,0.0,0.0,0.0,0.0,0.0,0.0,0.0,0.0,0.0,0.0,0.0,1302010000.0,0.0,0.0,0.0,0.0,0.0,0.0,0.0,0.0,0.0,0.0,0.0,0.0,0.0,0.0,0.0,0.0,0.0,0.0,0.0,0.0,0.0,0.0,0.0,0.0,0.0,0.0,0.0,0.0,0.0,0.0,0.0,0.0,0.0,0.0,0.0,0.0,0.0,0.0,1302010000.0,0.0,0.0,0.0,0.0,0.0,0.0,0.0,0.0,0.0,0.0,0.0,0.0,0.0,0.0
other_useful_demand_electricity,2866522.1556067667,0.0,0.0,0.0,0.0,0.0,0.0,0.0,8300269.59759673,7765711.587813385,92047.63897039693,0.0,0.0,0.0,0.0,0.0,304165451.3951346,0.0,0.0,0.0,0.0,5257386.9339512605,0.0,0.0,0.0,0.0,0.0,657342.5736395083,0.0,0.0,38092577.57046085,6354117.543558873,0.0,0.0,0.0,0.0,0.0,0.0,15559491.65327224,0.0,0.0,0.0,0.0,20807997.530952755,0.0,0.0,0.0,0.0,0.0,0.0,0.0,0.0,0.0,0.0,360060000.0,0.0,0.0,0.0,0.0,0.0,0.0,0.0,0.0,0.0,0.0,0.0,0.0
other_heater_district_heating_steam_hot_water,0.0,0.0,0.0,0.0,0.0,0.0,0.0,0.0,0.0,0.0,0.0,0.0,0.0,0.0,0.0,0.0,0.0,0.0,0.0,0.0,0.0,0.0,0.0,0.0,0.0,0.0,0.0,0.0,0.0,0.0,0.0,0.0,0.0,0.0,0.0,0.0,0.0,0.0,0.0,0.0,0.0,0.0,0.0,0.0,0.0,0.0,0.0,0.0,0.0,0.0,0.0,0.0,0.0,0.0,0.0,0.0,0.0,0.0,0.0,0.0,0.0,0.0,0.0,0.0,0.0,0.0,0.0
other_burner_crude_oil,210003767.0,0.0,0.0,0.0,0.0,0.0,0.0,0.0,0.0,0.0,0.0,0.0,0.0,2864990000.0,0.0,0.0,0.0,0.0,0.0,0.0,0.0,0.0,0.0,0.0,0.0,0.0,0.0,0.0,0.0,0.0,0.0,0.0,0.0,0.0,0.0,0.0,0.0,0.0,0.0,0.0,0.0,0.0,0.0,0.0,0.0,0.0,0.0,0.0,0.0,0.0,0.0,0.0,2864990000.0,0.0,0.0,0.0,0.0,0.0,0.0,0.0,0.0,0.0,0.0,0.0,0.0,0.0,0.0
other_burner_wood_pellets,0.0,0.0,0.0,0.0,0.0,0.0,0.0,0.0,0.0,0.0,0.0,0.0,0.0,0.0,0.0,0.0,0.0,0.0,0.0,0.0,0.0,0.0,0.0,0.0,0.0,0.0,0.0,0.0,0.0,0.0,0.0,0.0,0.0,0.0,0.0,0.0,0.0,0.0,0.0,0.0,0.0,0.0,0.0,530890000.00000006,0.0,0.0,0.0,0.0,0.0,0.0,0.0,0.0,0.0,0.0,0.0,0.0,0.0,0.0,0.0,0.0,0.0,0.0,0.0,0.0,0.0,0.0,530890000.00000006
transport_bicycle_using_electricity,334309.78970464674,0.0,0.0,0.0,0.0,0.0,0.0,0.0,968023.7001611702,905680.5658211611,10735.108663581545,0.0,0.0,0.0,0.0,0.0,35473470.13956789,0.0,0.0,0.0,0.0,613145.765103346,0.0,0.0,0.0,0.0,0.0,76662.95448911986,0.0,0.0,4442568.696697586,741052.6011776552,0.0,0.0,0.0,0.0,0.0,0.0,1814634.6339386967,0.0,0.0,0.0,0.0,2426744.6407631747,0.0,0.0,0.0,0.0,0.0,0.0,0.0,0.0,0.0,0.0,41992203.91358728,0.0,0.0,0.0,0.0,0.0,0.0,0.0,0.0,0.0,0.0,0.0,0.0
transport_motorcycle_using_electricity,830411.1571415192,0.0,0.0,0.0,0.0,0.0,0.0,0.0,2404529.289140584,2249671.6214280897,26665.54878707098,0.0,0.0,0.0,0.0,0.0,88114576.04172651,0.0,0.0,0.0,0.0,1523027.7424592406,0.0,0.0,0.0,0.0,0.0,190427.48584611004,0.0,0.0,11035149.809296943,1840742.8289501742,0.0,0.0,0.0,0.0,0.0,0.0,4507474.481945047,0.0,0.0,0.0,0.0,6027929.4453312205,0.0,0.0,0.0,0.0,0.0,0.0,0.0,0.0,0.0,0.0,104306830.72012939,0.0,0.0,0.0,0.0,0.0,0.0,0.0,0.0,0.0,0.0,0.0,0.0
transport_motorcycle_using_gasoline_mix,222167925.2464262,0.0,0.0,409652851.32330984,0.0,0.0,0.0,0.0,0.0,0.0,0.0,0.0,0.0,3030940317.140876,0.0,0.0,0.0,0.0,0.0,0.0,0.0,0.0,0.0,0.0,0.0,0.0,0.0,0.0,0.0,0.0,0.0,0.0,0.0,0.0,0.0,0.0,0.0,0.0,0.0,0.0,0.0,0.0,0.0,0.0,409652851.32330984,0.0,0.0,0.0,0.0,0.0,0.0,0.0,0.0,0.0,0.0,3004120909.7042723,0.0,0.0,0.0,0.0,0.0,0.0,0.0,0.0,0.0,0.0,0.0
transport_passenger_train_using_hydrogen,0.0,0.0,0.0,0.0,0.0,0.0,0.0,0.0,0.0,0.0,0.0,0.0,0.0,0.0,0.0,0.0,0.0,0.0,0.0,0.0,0.0,0.0,0.0,0.0,0.0,0.0,0.0,0.0,0.0,0.0,0.0,0.0,0.0,0.0,0.0,0.0,0.0,0.0,0.0,0.0,0.0,0.0,0.0,0.0,0.0,0.0,0.0,0.0,0.0,0.0,0.0,0.0,0.0,0.0,0.0,0.0,0.0,0.0,0.0,0.0,0.0,0.0,0.0,0.0,0.0,0.0,0.0
transport_car_using_compressed_natural_gas,10860953.819601871,0.0,0.0,0.0,0.0,0.0,0.0,0.0,16951944.40719508,325678.0125903209,3860.2891421507466,0.0,0.0,0.0,0.0,0.0,12756075.034316067,0.0,0.0,0.0,0.0,220484.02244998657,0.0,0.0,0.0,0.0,0.0,3252396.032967723,0.0,0.0,188474249.41568673,266478.65426769364,0.0,0.0,0.0,0.0,0.0,0.0,652533.1595504474,0.0,0.0,0.0,0.0,872644.7287199777,0.0,0.0,0.0,0.0,0.0,0.0,0.0,203742977.8421727,0.0,0.0,0.0,0.0,0.0,0.0,0.0,0.0,0.0,0.0,0.0,0.0,0.0,0.0,0.0
transport_car_using_gasoline_mix,6092051336.283739,0.0,0.0,11233062547.38839,0.0,0.0,0.0,0.0,0.0,0.0,0.0,0.0,0.0,83111205133.4753,0.0,0.0,0.0,0.0,0.0,0.0,0.0,0.0,0.0,0.0,0.0,0.0,0.0,0.0,0.0,0.0,0.0,0.0,0.0,0.0,0.0,0.0,0.0,0.0,0.0,0.0,0.0,0.0,0.0,0.0,11233062547.38839,0.0,0.0,0.0,0.0,0.0,0.0,0.0,0.0,0.0,0.0,82375792014.18153,0.0,0.0,0.0,0.0,0.0,0.0,0.0,0.0,0.0,0.0,0.0
transport_car_using_diesel_mix,860587177.6162906,0.0,0.0,0.0,0.0,0.0,0.0,1586826679.5567245,0.0,0.0,0.0,0.0,0.0,11740616338.557852,0.0,0.0,0.0,0.0,0.0,0.0,0.0,0.0,0.0,0.0,0.0,0.0,0.0,0.0,0.0,0.0,0.0,0.0,0.0,0.0,0.0,0.0,0.0,0.0,0.0,0.0,0.0,0.0,0.0,0.0,0.0,0.0,0.0,1586826679.5567245,0.0,0.0,0.0,0.0,0.0,11636728983.415981,0.0,0.0,0.0,0.0,0.0,0.0,0.0,0.0,0.0,0.0,0.0,0.0,0.0
transport_passenger_train_using_electricity,36037318.0223,0.0,0.0,0.0,0.0,0.0,0.0,0.0,104349256.31897156,97628904.63348022,1157203.6979689403,0.0,0.0,0.0,0.0,0.0,3823904546.4494867,0.0,0.0,0.0,0.0,66094770.81295475,0.0,0.0,0.0,0.0,0.0,8263973.585381136,0.0,0.0,478891931.64294714,79882639.04411952,0.0,0.0,0.0,0.0,0.0,0.0,195610680.30733708,0.0,0.0,0.0,0.0,261593800.33518392,0.0,0.0,0.0,0.0,0.0,0.0,0.0,0.0,0.0,0.0,4526599140.958932,0.0,0.0,0.0,0.0,0.0,0.0,0.0,0.0,0.0,0.0,0.0,0.0
transport_bus_using_compressed_natural_gas,0.0,0.0,0.0,0.0,0.0,0.0,0.0,0.0,0.0,0.0,0.0,0.0,0.0,0.0,0.0,0.0,0.0,0.0,0.0,0.0,0.0,0.0,0.0,0.0,0.0,0.0,0.0,0.0,0.0,0.0,0.0,0.0,0.0,0.0,0.0,0.0,0.0,0.0,0.0,0.0,0.0,0.0,0.0,0.0,0.0,0.0,0.0,0.0,0.0,0.0,0.0,0.0,0.0,0.0,0.0,0.0,0.0,0.0,0.0,0.0,0.0,0.0,0.0,0.0,0.0,0.0,0.0
transport_bus_using_lng_mix,0.0,0.0,0.0,0.0,0.0,0.0,0.0,0.0,0.0,0.0,0.0,0.0,0.0,0.0,0.0,0.0,0.0,0.0,0.0,0.0,0.0,0.0,0.0,0.0,0.0,0.0,0.0,0.0,0.0,0.0,0.0,0.0,0.0,0.0,0.0,0.0,0.0,0.0,0.0,0.0,0.0,0.0,0.0,0.0,0.0,0.0,0.0,0.0,0.0,0.0,0.0,0.0,0.0,0.0,0.0,0.0,0.0,0.0,0.0,0.0,0.0,0.0,0.0,0.0,0.0,0.0,0.0
transport_bus_using_electricity,24105707.55005282,0.0,0.0,0.0,0.0,0.0,0.0,0.0,69800218.04991384,65304910.372918755,774064.6488125806,0.0,0.0,0.0,0.0,0.0,2557846414.62466,0.0,0.0,0.0,0.0,44211425.91185447,0.0,0.0,0.0,0.0,0.0,5527851.166040937,0.0,0.0,320335404.680262,53434263.169428766,0.0,0.0,0.0,0.0,0.0,0.0,130845859.56806448,0.0,0.0,0.0,0.0,174982601.19925523,0.0,0.0,0.0,0.0,0.0,0.0,0.0,0.0,0.0,0.0,3027885566.3108587,0.0,0.0,0.0,0.0,0.0,0.0,0.0,0.0,0.0,0.0,0.0,0.0
transport_bus_using_diesel_mix,0.0,0.0,0.0,0.0,0.0,0.0,0.0,0.0,0.0,0.0,0.0,0.0,0.0,0.0,0.0,0.0,0.0,0.0,0.0,0.0,0.0,0.0,0.0,0.0,0.0,0.0,0.0,0.0,0.0,0.0,0.0,0.0,0.0,0.0,0.0,0.0,0.0,0.0,0.0,0.0,0.0,0.0,0.0,0.0,0.0,0.0,0.0,0.0,0.0,0.0,0.0,0.0,0.0,0.0,0.0,0.0,0.0,0.0,0.0,0.0,0.0,0.0,0.0,0.0,0.0,0.0,0.0
transport_bus_using_gasoline_mix,0.0,0.0,0.0,0.0,0.0,0.0,0.0,0.0,0.0,0.0,0.0,0.0,0.0,0.0,0.0,0.0,0.0,0.0,0.0,0.0,0.0,0.0,0.0,0.0,0.0,0.0,0.0,0.0,0.0,0.0,0.0,0.0,0.0,0.0,0.0,0.0,0.0,0.0,0.0,0.0,0.0,0.0,0.0,0.0,0.0,0.0,0.0,0.0,0.0,0.0,0.0,0.0,0.0,0.0,0.0,0.0,0.0,0.0,0.0,0.0,0.0,0.0,0.0,0.0,0.0,0.0,0.0
transport_plane_using_gasoline,2602711.9110020446,0.0,0.0,0.0,0.0,0.0,0.0,0.0,0.0,0.0,0.0,0.0,0.0,35507665.90725844,0.0,0.0,0.0,0.0,0.0,0.0,0.0,0.0,0.0,0.0,0.0,0.0,0.0,0.0,0.0,0.0,0.0,0.0,0.0,0.0,0.0,0.0,0.0,0.0,0.0,0.0,0.0,0.0,0.0,0.0,0.0,0.0,0.0,0.0,0.0,0.0,0.0,0.0,0.0,0.0,0.0,35193474.77861627,0.0,0.0,0.0,0.0,0.0,0.0,0.0,0.0,0.0,0.0,0.0
transport_plane_using_bio_ethanol,0.0,0.0,0.0,0.0,0.0,0.0,0.0,0.0,0.0,0.0,0.0,0.0,0.0,0.0,0.0,0.0,0.0,0.0,0.0,0.0,0.0,0.0,0.0,0.0,0.0,0.0,0.0,0.0,0.0,0.0,0.0,0.0,0.0,0.0,0.0,0.0,0.0,0.0,0.0,0.0,0.0,0.0,0.0,0.0,0.0,0.0,0.0,0.0,0.0,0.0,0.0,0.0,0.0,0.0,0.0,0.0,0.0,0.0,0.0,0.0,0.0,0.0,0.0,0.0,0.0,0.0,0.0
transport_car_using_electricity,145776681.6384498,0.0,0.0,0.0,0.0,0.0,0.0,0.0,422109334.22422487,394924443.0636766,4681072.9634560235,0.0,0.0,0.0,0.0,0.0,15468301923.540606,0.0,0.0,0.0,0.0,267363857.56576544,0.0,0.0,0.0,0.0,0.0,33429087.19453528,0.0,0.0,1937194011.3616874,323137976.94844645,0.0,0.0,0.0,0.0,0.0,0.0,791276305.5951556,0.0,0.0,0.0,0.0,1058188517.9817406,0.0,0.0,0.0,0.0,0.0,0.0,0.0,0.0,0.0,0.0,18310813292.712833,0.0,0.0,0.0,0.0,0.0,0.0,0.0,0.0,0.0,0.0,0.0,0.0
transport_plane_using_kerosene,22891442.782686383,0.0,0.0,0.0,0.0,0.0,0.0,0.0,0.0,0.0,0.0,0.0,0.0,312297991.578259,0.0,0.0,0.0,0.0,0.0,0.0,0.0,0.0,0.0,0.0,0.0,0.0,0.0,0.0,0.0,0.0,0.0,0.0,0.0,0.0,0.0,0.0,0.0,0.0,0.0,0.0,0.0,0.0,0.0,0.0,0.0,0.0,0.0,0.0,0.0,0.0,0.0,0.0,0.0,0.0,0.0,0.0,0.0,0.0,309534609.19477767,0.0,0.0,0.0,0.0,0.0,0.0,0.0,0.0
transport_passenger_train_using_diesel_mix,48754020.47827475,0.0,0.0,0.0,0.0,0.0,0.0,89896970.86223097,0.0,0.0,0.0,0.0,0.0,665129883.7418109,0.0,0.0,0.0,0.0,0.0,0.0,0.0,0.0,0.0,0.0,0.0,0.0,0.0,0.0,0.0,0.0,0.0,0.0,0.0,0.0,0.0,0.0,0.0,0.0,0.0,0.0,0.0,0.0,0.0,0.0,0.0,0.0,0.0,89896970.86223099,0.0,0.0,0.0,0.0,0.0,659244452.9896939,0.0,0.0,0.0,0.0,0.0,0.0,0.0,0.0,0.0,0.0,0.0,0.0,0.0
transport_useful_demand_crude_oil_non_energetic,0.0,0.0,0.0,0.0,0.0,0.0,0.0,0.0,0.0,0.0,0.0,0.0,0.0,2267990000.0,0.0,0.0,0.0,0.0,0.0,0.0,0.0,0.0,0.0,0.0,0.0,0.0,0.0,0.0,0.0,0.0,0.0,0.0,0.0,0.0,0.0,0.0,0.0,0.0,0.0,0.0,0.0,0.0,0.0,0.0,0.0,0.0,0.0,0.0,0.0,0.0,0.0,0.0,2267990000.0,0.0,0.0,0.0,0.0,0.0,0.0,0.0,0.0,0.0,0.0,0.0,0.0,0.0,0.0
transport_bus_using_hydrogen,0.0,0.0,0.0,0.0,0.0,0.0,0.0,0.0,0.0,0.0,0.0,0.0,0.0,0.0,0.0,0.0,1737723755.2130375,0.0,0.0,0.0,0.0,0.0,0.0,0.0,0.0,0.0,0.0,0.0,0.0,0.0,0.0,0.0,0.0,0.0,0.0,0.0,0.0,0.0,0.0,0.0,0.0,0.0,0.0,0.0,0.0,0.0,0.0,0.0,0.0,0.0,0.0,0.0,0.0,0.0,0.0,0.0,0.0,1135457087.366572,0.0,0.0,0.0,0.0,0.0,0.0,0.0,0.0,0.0
transport_car_using_hydrogen,0.0,0.0,0.0,0.0,0.0,0.0,0.0,0.0,0.0,0.0,0.0,0.0,0.0,0.0,0.0,0.0,0.0,0.0,0.0,0.0,0.0,0.0,0.0,0.0,0.0,0.0,0.0,0.0,0.0,0.0,0.0,0.0,0.0,0.0,0.0,0.0,0.0,0.0,0.0,0.0,0.0,0.0,0.0,0.0,0.0,0.0,0.0,0.0,0.0,0.0,0.0,0.0,0.0,0.0,0.0,0.0,0.0,0.0,0.0,0.0,0.0,0.0,0.0,0.0,0.0,0.0,0.0
transport_passenger_train_using_coal,0.0,0.0,0.0,0.0,0.0,0.0,0.0,0.0,0.0,0.0,0.0,0.0,0.0,0.0,0.0,0.0,0.0,0.0,0.0,0.0,0.0,0.0,0.0,0.0,0.0,0.0,0.0,0.0,0.0,0.0,0.0,0.0,0.0,0.0,0.0,0.0,0.0,0.0,0.0,0.0,0.0,0.0,0.0,0.0,0.0,0.0,0.0,0.0,0.0,0.0,0.0,0.0,0.0,0.0,0.0,0.0,0.0,0.0,0.0,0.0,0.0,0.0,0.0,0.0,0.0,0.0,0.0
transport_freight_train_using_diesel_mix,39913193.63556609,0.0,0.0,0.0,0.0,0.0,0.0,73595473.15434115,0.0,0.0,0.0,0.0,0.0,544518330.6352808,0.0,0.0,0.0,0.0,0.0,0.0,0.0,0.0,0.0,0.0,0.0,0.0,0.0,0.0,0.0,0.0,0.0,0.0,0.0,0.0,0.0,0.0,0.0,0.0,0.0,0.0,0.0,0.0,0.0,0.0,0.0,0.0,0.0,73595473.15434116,0.0,0.0,0.0,0.0,0.0,539700136.4651685,0.0,0.0,0.0,0.0,0.0,0.0,0.0,0.0,0.0,0.0,0.0,0.0,0.0
transport_freight_train_using_hydrogen,0.0,0.0,0.0,0.0,0.0,0.0,0.0,0.0,0.0,0.0,0.0,0.0,0.0,0.0,0.0,0.0,0.0,0.0,0.0,0.0,0.0,0.0,0.0,0.0,0.0,0.0,0.0,0.0,0.0,0.0,0.0,0.0,0.0,0.0,0.0,0.0,0.0,0.0,0.0,0.0,0.0,0.0,0.0,0.0,0.0,0.0,0.0,0.0,0.0,0.0,0.0,0.0,0.0,0.0,0.0,0.0,0.0,0.0,0.0,0.0,0.0,0.0,0.0,0.0,0.0,0.0,0.0
transport_freight_train_using_electricity,5796978.277449999,0.0,0.0,0.0,0.0,0.0,0.0,0.0,16785665.675087694,15704627.049696354,186148.27816985856,0.0,0.0,0.0,0.0,0.0,615114908.8590028,0.0,0.0,0.0,0.0,10632032.894863058,0.0,0.0,0.0,0.0,0.0,1329346.299583965,0.0,0.0,77034759.44748051,12849955.232450595,0.0,0.0,0.0,0.0,0.0,0.0,31466017.084766332,0.0,0.0,0.0,0.0,42080089.7869333,0.0,0.0,0.0,0.0,0.0,0.0,0.0,0.0,0.0,0.0,728150659.675201,0.0,0.0,0.0,0.0,0.0,0.0,0.0,0.0,0.0,0.0,0.0,0.0
transport_tram_using_electricity,4234746.358133941,0.0,0.0,0.0,0.0,0.0,0.0,0.0,12262084.345380682,11472375.610454759,135983.042427316,0.0,0.0,0.0,0.0,0.0,449347141.8130601,0.0,0.0,0.0,0.0,7766798.567492122,0.0,0.0,0.0,0.0,0.0,971099.7922418182,0.0,0.0,56274605.73535953,9387011.390827779,0.0,0.0,0.0,0.0,0.0,0.0,22986217.10780491,0.0,0.0,0.0,0.0,30739895.588077277,0.0,0.0,0.0,0.0,0.0,0.0,0.0,0.0,0.0,0.0,531920805.4008412,0.0,0.0,0.0,0.0,0.0,0.0,0.0,0.0,0.0,0.0,0.0,0.0
transport_car_using_lpg,451335523.7315253,0.0,0.0,0.0,0.0,0.0,0.0,0.0,0.0,0.0,0.0,0.0,0.0,6157374130.0344515,0.0,0.0,0.0,0.0,0.0,0.0,0.0,0.0,0.0,0.0,0.0,0.0,0.0,0.0,0.0,0.0,0.0,0.0,0.0,0.0,0.0,0.0,0.0,0.0,0.0,0.0,0.0,0.0,0.0,0.0,0.0,0.0,0.0,0.0,0.0,0.0,0.0,0.0,0.0,0.0,0.0,0.0,0.0,0.0,0.0,0.0,0.0,6102890336.803982,0.0,0.0,0.0,0.0,0.0
transport_bicycle_using_human_energy,0.0,0.0,0.0,0.0,0.0,0.0,0.0,0.0,0.0,0.0,0.0,0.0,0.0,0.0,0.0,0.0,0.0,0.0,0.0,0.0,0.0,0.0,0.0,0.0,0.0,0.0,0.0,0.0,0.0,0.0,0.0,0.0,0.0,0.0,0.0,0.0,0.0,0.0,0.0,0.0,0.0,0.0,0.0,0.0,0.0,0.0,0.0,0.0,0.0,0.0,0.0,0.0,0.0,0.0,0.0,0.0,0.0,0.0,0.0,0.0,0.0,0.0,0.0,0.0,0.0,0.0,0.0
transport_ship_using_lng_mix,0.0,0.0,0.0,0.0,0.0,0.0,0.0,0.0,0.0,0.0,0.0,0.0,0.0,0.0,0.0,0.0,0.0,0.0,0.0,0.0,0.0,0.0,0.0,0.0,0.0,0.0,0.0,0.0,0.0,0.0,0.0,0.0,0.0,0.0,0.0,0.0,0.0,0.0,0.0,0.0,0.0,0.0,0.0,0.0,0.0,0.0,0.0,0.0,0.0,0.0,0.0,0.0,0.0,0.0,0.0,0.0,0.0,0.0,0.0,0.0,0.0,0.0,0.0,0.0,0.0,0.0,0.0
transport_ship_using_diesel_mix,1104570561.2484717,0.0,0.0,0.0,0.0,0.0,0.0,0.0,0.0,0.0,0.0,0.0,0.0,15069175460.41571,0.0,0.0,0.0,0.0,0.0,0.0,0.0,0.0,0.0,0.0,0.0,0.0,0.0,0.0,0.0,0.0,0.0,0.0,0.0,0.0,0.0,0.0,0.0,0.0,0.0,0.0,0.0,0.0,0.0,0.0,0.0,0.0,0.0,0.0,0.0,0.0,0.0,0.0,0.0,14935835204.878183,0.0,0.0,0.0,0.0,0.0,0.0,0.0,0.0,0.0,0.0,0.0,0.0,0.0
transport_truck_using_electricity,94884179.51575665,0.0,0.0,0.0,0.0,0.0,0.0,0.0,274745572.43072796,257051274.11084205,3046850.5826775907,0.0,0.0,0.0,0.0,0.0,10068120086.292551,0.0,0.0,0.0,0.0,174023718.8291444,0.0,0.0,0.0,0.0,0.0,21758565.737426933,0.0,0.0,1260894830.8122962,210326380.51933694,0.0,0.0,0.0,0.0,0.0,0.0,515031637.31539214,0.0,0.0,0.0,0.0,688761386.067998,0.0,0.0,0.0,0.0,0.0,0.0,0.0,0.0,0.0,0.0,11918274418.22501,0.0,0.0,0.0,0.0,0.0,0.0,0.0,0.0,0.0,0.0,0.0,0.0
transport_truck_using_lng_mix,1350836507.9136188,0.0,0.0,0.0,0.0,0.0,0.0,0.0,0.0,0.0,0.0,0.0,0.0,0.0,0.0,0.0,0.0,0.0,0.0,0.0,0.0,0.0,0.0,0.0,0.0,0.0,0.0,23908610759.533077,0.0,0.0,0.0,0.0,0.0,0.0,0.0,0.0,0.0,0.0,0.0,0.0,0.0,0.0,0.0,0.0,0.0,0.0,0.0,0.0,0.0,0.0,0.0,0.0,0.0,0.0,0.0,0.0,0.0,0.0,0.0,23908610759.533077,0.0,0.0,0.0,0.0,0.0,0.0,0.0
transport_truck_using_compressed_natural_gas,15370665.94262096,0.0,0.0,0.0,0.0,0.0,0.0,0.0,23990772.715616673,460906.84294669295,5463.16795296907,0.0,0.0,0.0,0.0,0.0,18052684.078042302,0.0,0.0,0.0,0.0,312033.94389244466,0.0,0.0,0.0,0.0,0.0,4602863.962613278,0.0,0.0,266732993.6829561,377126.5805582855,0.0,0.0,0.0,0.0,0.0,0.0,923479.5929093246,0.0,0.0,0.0,0.0,1234986.4325484766,0.0,0.0,0.0,0.0,0.0,0.0,0.0,288341641.3128306,0.0,0.0,0.0,0.0,0.0,0.0,0.0,0.0,0.0,0.0,0.0,0.0,0.0,0.0,0.0
transport_truck_using_hydrogen,0.0,0.0,0.0,0.0,0.0,0.0,0.0,0.0,0.0,0.0,0.0,0.0,0.0,0.0,0.0,0.0,3613349900.9831657,0.0,0.0,0.0,0.0,0.0,0.0,0.0,0.0,0.0,0.0,0.0,0.0,0.0,0.0,0.0,0.0,0.0,0.0,0.0,0.0,0.0,0.0,0.0,0.0,0.0,0.0,0.0,0.0,0.0,0.0,0.0,0.0,0.0,0.0,0.0,0.0,0.0,0.0,0.0,0.0,2361021849.3581276,0.0,0.0,0.0,0.0,0.0,0.0,0.0,0.0,0.0
transport_truck_using_diesel_mix,7637791934.375313,0.0,0.0,0.0,0.0,0.0,0.0,14083235643.761566,0.0,0.0,0.0,0.0,0.0,104199071410.30441,0.0,0.0,0.0,0.0,0.0,0.0,0.0,0.0,0.0,0.0,0.0,0.0,0.0,0.0,0.0,0.0,0.0,0.0,0.0,0.0,0.0,0.0,0.0,0.0,0.0,0.0,0.0,0.0,0.0,0.0,0.0,0.0,0.0,14083235643.761568,0.0,0.0,0.0,0.0,0.0,103277061387.58484,0.0,0.0,0.0,0.0,0.0,0.0,0.0,0.0,0.0,0.0,0.0,0.0,0.0
transport_truck_using_gasoline_mix,99372691.73107532,0.0,0.0,183232149.58304217,0.0,0.0,0.0,0.0,0.0,0.0,0.0,0.0,0.0,1355698386.5085309,0.0,0.0,0.0,0.0,0.0,0.0,0.0,0.0,0.0,0.0,0.0,0.0,0.0,0.0,0.0,0.0,0.0,0.0,0.0,0.0,0.0,0.0,0.0,0.0,0.0,0.0,0.0,0.0,0.0,0.0,183232149.58304217,0.0,0.0,0.0,0.0,0.0,0.0,0.0,0.0,0.0,0.0,1343702430.2756426,0.0,0.0,0.0,0.0,0.0,0.0,0.0,0.0,0.0,0.0,0.0
industry_useful_demand_for_chemical_refineries_network_gas_non_energetic,0.0,0.0,0.0,0.0,0.0,0.0,0.0,0.0,0.0,0.0,0.0,0.0,0.0,0.0,0.0,0.0,0.0,0.0,0.0,0.0,0.0,0.0,0.0,0.0,0.0,0.0,0.0,0.0,0.0,0.0,0.0,0.0,0.0,0.0,0.0,0.0,0.0,0.0,0.0,0.0,0.0,0.0,0.0,0.0,0.0,0.0,0.0,0.0,0.0,0.0,0.0,0.0,0.0,0.0,0.0,0.0,0.0,0.0,0.0,0.0,0.0,0.0,0.0,0.0,0.0,0.0,0.0
industry_useful_demand_for_other_food_electricity,802212999.769551,0.0,0.0,0.0,0.0,0.0,0.0,0.0,897743187.2740725,346257191.16480076,3075787110.636387,0.0,0.0,583879221.2277445,0.0,0.0,13562115159.508282,0.0,0.0,0.0,0.0,234416126.8457647,0.0,0.0,0.0,0.0,0.0,131790889.62994076,0.0,0.0,7637196931.446141,283317100.8328915,0.0,0.0,0.0,0.0,0.0,0.0,693765898.3201057,0.0,0.0,0.0,0.0,927786037.0372732,0.0,0.0,0.0,0.0,0.0,0.0,0.0,0.0,0.0,0.0,22838579319.57856,0.0,0.0,0.0,0.0,0.0,0.0,0.0,0.0,0.0,0.0,0.0,0.0
industry_steel_dri_network_gas_captured_co2_electricity,0.0,0.0,0.0,0.0,0.0,0.0,0.0,0.0,0.0,0.0,0.0,0.0,0.0,0.0,0.0,0.0,0.0,0.0,0.0,0.0,0.0,0.0,0.0,0.0,0.0,0.0,0.0,0.0,0.0,0.0,0.0,0.0,0.0,0.0,0.0,0.0,0.0,0.0,0.0,0.0,0.0,0.0,0.0,0.0,0.0,0.0,0.0,0.0,0.0,0.0,0.0,0.0,0.0,0.0,0.0,0.0,0.0,0.0,0.0,0.0,0.0,0.0,0.0,0.0,0.0,0.0,0.0
industry_aluminium_electrolysis_current_electricity,132315447.9959553,0.0,0.0,0.0,0.0,0.0,0.0,0.0,153473994.85895136,51647806.151775405,458785147.3059208,0.0,0.0,87091565.47067171,0.0,0.0,2022928368.390068,0.0,0.0,0.0,0.0,34965566.02175433,0.0,0.0,0.0,0.0,0.0,23458182.202797078,0.0,0.0,1359386507.212751,42259647.09664547,0.0,0.0,0.0,0.0,0.0,0.0,103482288.73056151,0.0,0.0,0.0,0.0,138388789.0675415,0.0,0.0,0.0,0.0,0.0,0.0,0.0,0.0,0.0,0.0,3406608000.000002,0.0,0.0,0.0,0.0,0.0,0.0,0.0,240096000.0000004,0.0,0.0,0.0,0.0
energy_export_lignite,0.0,0.0,0.0,0.0,0.0,0.0,0.0,0.0,0.0,0.0,0.0,0.0,0.0,0.0,0.0,0.0,0.0,0.0,0.0,0.0,0.0,0.0,0.0,0.0,0.0,0.0,0.0,0.0,0.0,0.0,0.0,0.0,0.0,0.0,0.0,0.0,0.0,0.0,0.0,0.0,0.0,0.0,0.0,0.0,0.0,0.0,0.0,0.0,0.0,0.0,0.0,0.0,0.0,0.0,0.0,0.0,0.0,0.0,0.0,0.0,0.0,0.0,0.0,0.0,0.0,0.0,0.0
industry_useful_demand_for_other_non_specified_wood_pellets_non_energetic,0.0,0.0,0.0,0.0,0.0,0.0,0.0,0.0,0.0,0.0,0.0,0.0,0.0,0.0,0.0,0.0,0.0,0.0,0.0,0.0,0.0,0.0,0.0,0.0,0.0,0.0,0.0,0.0,0.0,0.0,0.0,0.0,0.0,0.0,0.0,0.0,0.0,0.0,0.0,0.0,0.0,0.0,0.0,0.0,0.0,0.0,0.0,0.0,0.0,0.0,0.0,0.0,0.0,0.0,0.0,0.0,0.0,0.0,0.0,0.0,0.0,0.0,0.0,0.0,0.0,0.0,0.0
industry_steel_external_coupling_node_captured_co2_electricity,0.0,0.0,0.0,0.0,0.0,0.0,0.0,0.0,0.0,0.0,0.0,0.0,0.0,0.0,0.0,0.0,0.0,0.0,0.0,0.0,0.0,0.0,0.0,0.0,0.0,0.0,0.0,0.0,0.0,0.0,0.0,0.0,0.0,0.0,0.0,0.0,0.0,0.0,0.0,0.0,0.0,0.0,0.0,0.0,0.0,0.0,0.0,0.0,0.0,0.0,0.0,0.0,0.0,0.0,0.0,0.0,0.0,0.0,0.0,0.0,0.0,0.0,0.0,0.0,0.0,0.0,0.0
industry_chemicals_other_burner_crude_oil,6834544344.410146,0.0,0.0,0.0,0.0,0.0,0.0,207270048.13187727,0.0,0.0,0.0,0.0,0.0,93240714112.00745,0.0,0.0,0.0,0.0,0.0,0.0,0.0,0.0,0.0,0.0,0.0,0.0,0.0,0.0,0.0,0.0,0.0,0.0,0.0,0.0,0.0,0.0,0.0,0.0,0.0,0.0,0.0,0.0,0.0,0.0,0.0,0.0,0.0,0.0,0.0,0.0,0.0,0.0,93366369964.04317,0.0,0.0,0.0,0.0,0.0,0.0,0.0,0.0,0.0,0.0,0.0,0.0,0.0,0.0
industry_final_demand_for_other_paper_steam_hot_water,151352214.69704467,0.0,0.0,0.0,0.0,0.0,0.0,0.0,137963621.46037185,235921.3441060767,12867340.332164032,0.0,0.0,831736773.4609095,0.0,0.0,9240508.266670916,0.0,0.0,0.0,0.0,159718.75570165878,0.0,0.0,0.0,0.0,0.0,26766530.749796916,0.0,0.0,1551103168.6773484,193037.2940757783,0.0,0.0,0.0,0.0,0.0,0.0,472695.40504283283,0.0,0.0,0.0,0.0,632144.3553687984,0.0,0.0,0.0,0.0,0.0,0.0,0.0,0.0,0.0,0.0,0.0,0.0,0.0,0.0,0.0,0.0,0.0,0.0,0.0,0.0,2367993037.6727457,0.0,0.0
industry_steel_blastfurnace_bof,3420524875.792655,0.0,0.0,0.0,0.0,0.0,0.0,183223.58390148636,601402075.2507663,70192543.6434083,32163587401.02068,0.0,0.0,200956215.6603825,0.0,0.0,2749284013.5055285,0.0,0.0,0.0,0.0,47520353.754930936,0.0,0.0,0.0,0.0,0.0,108175587.1130618,0.0,0.0,6268705403.515014,57433458.34418085,0.0,0.0,0.0,0.0,0.0,0.0,140638792.02718136,0.0,0.0,0.0,0.0,188078871.8854018,0.0,0.0,0.0,0.0,1222057290.4391055,13180602667.43999,1684114630.875201,0.0,82534457.22075415,0.0,4629786512.5880785,0.0,0.0,0.0,0.0,0.0,0.0,0.0,5146205629.382621,0.0,484357.14331428375,0.0,0.0
industry_chemicals_other_heater_electricity,0.0,0.0,0.0,0.0,0.0,0.0,0.0,0.0,0.0,0.0,0.0,0.0,0.0,0.0,0.0,0.0,0.0,0.0,0.0,0.0,0.0,0.0,0.0,0.0,0.0,0.0,0.0,0.0,0.0,0.0,0.0,0.0,0.0,0.0,0.0,0.0,0.0,0.0,0.0,0.0,0.0,0.0,0.0,0.0,0.0,0.0,0.0,0.0,0.0,0.0,0.0,0.0,0.0,0.0,0.0,0.0,0.0,0.0,0.0,0.0,0.0,0.0,0.0,0.0,0.0,0.0,0.0
industry_useful_demand_for_chemical_fertilizers_electricity,58146940.22224708,0.0,0.0,0.0,0.0,0.0,0.0,0.0,65071270.92224967,25097818.412275314,222942796.1275983,0.0,0.0,42321416.1120485,0.0,0.0,983025081.485461,0.0,0.0,0.0,0.0,16991223.675940156,0.0,0.0,0.0,0.0,0.0,9552621.290542936,0.0,0.0,553568233.8305373,20535721.224665925,0.0,0.0,0.0,0.0,0.0,0.0,50286350.66926261,0.0,0.0,0.0,0.0,67248871.87086132,0.0,0.0,0.0,0.0,0.0,0.0,0.0,0.0,0.0,0.0,1655412598.4471345,0.0,0.0,0.0,0.0,0.0,0.0,0.0,0.0,0.0,0.0,0.0,0.0
industry_useful_demand_for_other_non_specified_network_gas,3569565579.97589,0.0,0.0,0.0,0.0,0.0,0.0,0.0,5518105561.49692,0.0,0.0,0.0,0.0,0.0,0.0,0.0,0.0,0.0,0.0,0.0,0.0,0.0,0.0,0.0,0.0,0.0,0.0,1071736116.7629491,0.0,0.0,62106415741.21741,0.0,0.0,0.0,0.0,0.0,0.0,0.0,0.0,0.0,0.0,0.0,0.0,0.0,0.0,0.0,0.0,0.0,0.0,0.0,0.0,0.0,0.0,0.0,0.0,0.0,0.0,0.0,0.0,0.0,0.0,0.0,67711728658.19076,0.0,0.0,0.0,0.0
industry_steel_cyclonefurnace_bof_captured_co2_electricity,0.0,0.0,0.0,0.0,0.0,0.0,0.0,0.0,0.0,0.0,0.0,0.0,0.0,0.0,0.0,0.0,0.0,0.0,0.0,0.0,0.0,0.0,0.0,0.0,0.0,0.0,0.0,0.0,0.0,0.0,0.0,0.0,0.0,0.0,0.0,0.0,0.0,0.0,0.0,0.0,0.0,0.0,0.0,0.0,0.0,0.0,0.0,0.0,0.0,0.0,0.0,0.0,0.0,0.0,0.0,0.0,0.0,0.0,0.0,0.0,0.0,0.0,0.0,0.0,0.0,0.0,0.0
industry_other_food_captured_co2_electricity,21127426.149484225,0.0,0.0,0.0,0.0,0.0,0.0,0.0,23643350.202233247,9119178.119980197,81005250.53841475,0.0,0.0,15377293.97336021,0.0,0.0,357177690.39597076,0.0,0.0,0.0,0.0,6173683.809168811,0.0,0.0,0.0,0.0,0.0,3470901.4795712177,0.0,0.0,201136498.91555932,7461560.865321803,0.0,0.0,0.0,0.0,0.0,0.0,18271316.702670265,0.0,0.0,0.0,0.0,24434571.598389138,0.0,0.0,0.0,0.0,0.0,0.0,0.0,0.0,0.0,0.0,601486635.1855999,0.0,0.0,0.0,0.0,0.0,0.0,0.0,0.0,0.0,0.0,0.0,0.0
industry_other_paper_captured_co2_electricity,3995218.7749156104,0.0,0.0,0.0,0.0,0.0,0.0,0.0,4470982.6914800545,1724446.2898114994,15318179.106531546,0.0,0.0,2907862.659421256,0.0,0.0,67542681.46788976,0.0,0.0,0.0,0.0,1167450.1801718946,0.0,0.0,0.0,0.0,0.0,656351.164545608,0.0,0.0,38035126.053811975,1410989.1024296393,0.0,0.0,0.0,0.0,0.0,0.0,3455125.438207696,0.0,0.0,0.0,0.0,4620603.499744678,0.0,0.0,0.0,0.0,0.0,0.0,0.0,0.0,0.0,0.0,113741762.99335878,0.0,0.0,0.0,0.0,0.0,0.0,0.0,0.0,0.0,0.0,0.0,0.0
industry_useful_demand_for_chemical_other_network_gas_non_energetic,0.0,0.0,0.0,0.0,0.0,0.0,0.0,0.0,1748635883.1739712,0.0,0.0,0.0,0.0,0.0,0.0,0.0,0.0,0.0,0.0,0.0,0.0,0.0,0.0,0.0,0.0,0.0,0.0,339623120.68506956,0.0,0.0,19680940484.029587,0.0,0.0,0.0,0.0,0.0,0.0,0.0,0.0,0.0,0.0,0.0,0.0,0.0,0.0,0.0,0.0,0.0,0.0,0.0,0.0,0.0,0.0,0.0,0.0,0.0,0.0,0.0,0.0,0.0,0.0,0.0,21457211559.999947,0.0,0.0,0.0,0.0
industry_other_metals_process_electricity,131340425.96251999,0.0,0.0,0.0,0.0,0.0,0.0,0.0,146980879.96005878,56690139.64275676,503575969.7200871,0.0,0.0,95594244.48213379,0.0,0.0,2220425226.859029,0.0,0.0,0.0,0.0,38379225.91786883,0.0,0.0,0.0,0.0,0.0,21577151.687828932,0.0,0.0,1250382003.8118753,46385422.22146446,0.0,0.0,0.0,0.0,0.0,0.0,113585180.78092551,0.0,0.0,0.0,0.0,151899574.47904596,0.0,0.0,0.0,0.0,0.0,0.0,0.0,0.0,0.0,0.0,3739192380.4200892,0.0,0.0,0.0,0.0,0.0,0.0,0.0,0.0,0.0,0.0,0.0,0.0
industry_useful_demand_for_chemical_refineries_wood_pellets_non_energetic,0.0,0.0,0.0,0.0,0.0,0.0,0.0,0.0,0.0,0.0,0.0,0.0,0.0,0.0,0.0,0.0,0.0,0.0,0.0,0.0,0.0,0.0,0.0,0.0,0.0,0.0,0.0,0.0,0.0,0.0,0.0,0.0,0.0,0.0,0.0,0.0,0.0,0.0,0.0,0.0,0.0,0.0,0.0,0.0,0.0,0.0,0.0,0.0,0.0,0.0,0.0,0.0,0.0,0.0,0.0,0.0,0.0,0.0,0.0,0.0,0.0,0.0,0.0,0.0,0.0,0.0,0.0
industry_final_demand_for_chemical_other_steam_hot_water,4979656219.325393,0.0,0.0,0.0,0.0,0.0,0.0,0.0,4539156609.111776,7762074.646882391,423349809.84251314,0.0,0.0,27365065024.629112,0.0,0.0,304023000.60135174,0.0,0.0,0.0,0.0,5254924.724852461,0.0,0.0,0.0,0.0,0.0,880648635.2696443,0.0,0.0,51033019610.45107,6351141.69905149,0.0,0.0,0.0,0.0,0.0,0.0,15552204.626008952,0.0,0.0,0.0,0.0,20798252.453884598,0.0,0.0,0.0,0.0,0.0,0.0,0.0,0.0,0.0,0.0,0.0,0.0,0.0,0.0,0.0,0.0,0.0,0.0,0.0,0.0,77909604963.29338,0.0,0.0
industry_useful_demand_for_other_non_specified_coal_non_energetic,0.0,0.0,0.0,0.0,0.0,0.0,0.0,0.0,0.0,0.0,169287360.00000003,0.0,0.0,0.0,0.0,0.0,0.0,0.0,0.0,0.0,0.0,0.0,0.0,0.0,0.0,0.0,0.0,0.0,0.0,0.0,0.0,0.0,0.0,0.0,0.0,0.0,0.0,0.0,0.0,0.0,0.0,0.0,0.0,0.0,0.0,0.0,0.0,0.0,169287360.00000003,0.0,0.0,0.0,0.0,0.0,0.0,0.0,0.0,0.0,0.0,0.0,0.0,0.0,0.0,0.0,0.0,0.0,0.0
industry_useful_demand_for_other_non_specified_crude_oil_non_energetic,0.0,0.0,0.0,0.0,0.0,0.0,0.0,0.0,0.0,0.0,0.0,0.0,0.0,11131391759.999958,0.0,0.0,0.0,0.0,0.0,0.0,0.0,0.0,0.0,0.0,0.0,0.0,0.0,0.0,0.0,0.0,0.0,0.0,0.0,0.0,0.0,0.0,0.0,0.0,0.0,0.0,0.0,0.0,0.0,0.0,0.0,0.0,0.0,0.0,0.0,0.0,0.0,0.0,11131391759.999958,0.0,0.0,0.0,0.0,0.0,0.0,0.0,0.0,0.0,0.0,0.0,0.0,0.0,0.0
industry_useful_demand_for_chemical_refineries_electricity,321706706.98709875,0.0,0.0,0.0,0.0,0.0,0.0,0.0,360016609.77945966,138857461.5123788,1233464607.3305295,0.0,0.0,234149610.63125247,0.0,0.0,5438734362.318451,0.0,0.0,0.0,0.0,94006504.82338819,0.0,0.0,0.0,0.0,0.0,52851316.45327108,0.0,0.0,3062699652.2535906,113616971.51288281,0.0,0.0,0.0,0.0,0.0,0.0,278216811.03724617,0.0,0.0,0.0,0.0,372064515.0971294,0.0,0.0,0.0,0.0,0.0,0.0,0.0,0.0,0.0,0.0,9158819599.378113,0.0,0.0,0.0,0.0,0.0,0.0,0.0,0.0,0.0,0.0,0.0,0.0
industry_steel_external_coupling_node,0.0,0.0,0.0,0.0,0.0,0.0,0.0,0.0,0.0,0.0,0.0,0.0,0.0,0.0,0.0,0.0,0.0,0.0,0.0,0.0,0.0,0.0,0.0,0.0,0.0,0.0,0.0,0.0,0.0,0.0,0.0,0.0,0.0,0.0,0.0,0.0,0.0,0.0,0.0,0.0,0.0,0.0,0.0,0.0,0.0,0.0,0.0,0.0,0.0,0.0,0.0,0.0,0.0,0.0,0.0,0.0,0.0,0.0,0.0,0.0,0.0,0.0,0.0,0.0,0.0,0.0,0.0
industry_chemicals_other_burner_coal,0.0,0.0,0.0,0.0,0.0,0.0,0.0,0.0,0.0,0.0,0.0,0.0,0.0,0.0,0.0,0.0,0.0,0.0,0.0,0.0,0.0,0.0,0.0,0.0,0.0,0.0,0.0,0.0,0.0,0.0,0.0,0.0,0.0,0.0,0.0,0.0,0.0,0.0,0.0,0.0,0.0,0.0,0.0,0.0,0.0,0.0,0.0,0.0,0.0,0.0,0.0,0.0,0.0,0.0,0.0,0.0,0.0,0.0,0.0,0.0,0.0,0.0,0.0,0.0,0.0,0.0,0.0
industry_other_metals_process_heat_useable_heat,127993691.22145073,0.0,0.0,0.0,0.0,0.0,0.0,0.0,193989970.46423808,9515.666340837182,518992.1147609987,0.0,0.0,33547323.36596009,0.0,0.0,372707.24197744747,0.0,0.0,0.0,0.0,6442.106344338706,0.0,0.0,0.0,0.0,0.0,37675901.57569295,0.0,0.0,2183294161.7686725,7785.978368016002,0.0,0.0,0.0,0.0,0.0,0.0,19065.726215988554,0.0,0.0,0.0,0.0,25496.950213323904,0.0,0.0,0.0,0.0,0.0,0.0,0.0,0.0,0.0,0.0,0.0,0.0,0.0,0.0,0.0,0.0,0.0,0.0,2312135053.2465634,0.0,95510780.21066155,0.0,0.0
industry_useful_demand_for_other_non_specified_hydrogen,0.0,0.0,0.0,0.0,0.0,0.0,0.0,0.0,0.0,0.0,0.0,0.0,0.0,0.0,0.0,0.0,0.0,0.0,0.0,0.0,0.0,0.0,0.0,0.0,0.0,0.0,0.0,0.0,0.0,0.0,0.0,0.0,0.0,0.0,0.0,0.0,0.0,0.0,0.0,0.0,0.0,0.0,0.0,0.0,0.0,0.0,0.0,0.0,0.0,0.0,0.0,0.0,0.0,0.0,0.0,0.0,0.0,0.0,0.0,0.0,0.0,0.0,0.0,0.0,0.0,0.0,0.0
industry_chemicals_other_heatpump_water_water_electricity,96021884.93100466,0.0,0.0,0.0,0.0,0.0,0.0,0.0,107456489.79857916,41445686.09098891,368160172.04238343,0.0,0.0,69888151.16489103,0.0,0.0,1623334278.6036048,0.0,0.0,0.0,0.0,28058730.49230306,0.0,0.0,0.0,0.0,0.0,15774874.80586354,0.0,0.0,914143806.1430151,33911993.526627876,0.0,0.0,0.0,0.0,0.0,0.0,83041173.94842145,0.0,0.0,0.0,0.0,111052506.1480901,0.0,0.0,0.0,0.0,0.0,0.0,0.0,0.0,0.0,0.0,2733692218.9520383,0.0,0.0,0.0,0.0,0.0,0.0,0.0,0.0,0.0,0.0,0.0,0.0
industry_chemicals_other_steam_recompression_electricity,33785207.89827233,0.0,0.0,0.0,0.0,0.0,0.0,0.0,37808462.62778725,14582624.805550605,129536802.58675477,0.0,0.0,24590078.797435902,0.0,0.0,571168605.2655882,0.0,0.0,0.0,0.0,9872437.348269138,0.0,0.0,0.0,0.0,0.0,5550374.534599775,0.0,0.0,321640619.3405955,11931902.319614265,0.0,0.0,0.0,0.0,0.0,0.0,29217957.21860613,0.0,0.0,0.0,0.0,39073717.5231802,0.0,0.0,0.0,0.0,0.0,0.0,0.0,0.0,0.0,0.0,961846979.0876006,0.0,0.0,0.0,0.0,0.0,0.0,0.0,0.0,0.0,0.0,0.0,0.0
industry_chemicals_other_burner_wood_pellets,0.0,0.0,0.0,0.0,0.0,0.0,0.0,0.0,0.0,0.0,0.0,0.0,0.0,0.0,0.0,0.0,0.0,0.0,0.0,0.0,0.0,0.0,0.0,0.0,0.0,0.0,0.0,0.0,0.0,0.0,0.0,0.0,0.0,0.0,0.0,0.0,0.0,0.0,0.0,0.0,0.0,0.0,0.0,0.0,0.0,0.0,0.0,0.0,0.0,0.0,0.0,0.0,0.0,0.0,0.0,0.0,0.0,0.0,0.0,0.0,0.0,0.0,0.0,0.0,0.0,0.0,0.0
industry_aluminium_electrolysis_bat_electricity,0.0,0.0,0.0,0.0,0.0,0.0,0.0,0.0,0.0,0.0,0.0,0.0,0.0,0.0,0.0,0.0,0.0,0.0,0.0,0.0,0.0,0.0,0.0,0.0,0.0,0.0,0.0,0.0,0.0,0.0,0.0,0.0,0.0,0.0,0.0,0.0,0.0,0.0,0.0,0.0,0.0,0.0,0.0,0.0,0.0,0.0,0.0,0.0,0.0,0.0,0.0,0.0,0.0,0.0,0.0,0.0,0.0,0.0,0.0,0.0,0.0,0.0,0.0,0.0,0.0,0.0,0.0
industry_other_paper_burner_hydrogen,0.0,0.0,0.0,0.0,0.0,0.0,0.0,0.0,0.0,0.0,0.0,0.0,0.0,0.0,0.0,0.0,0.0,0.0,0.0,0.0,0.0,0.0,0.0,0.0,0.0,0.0,0.0,0.0,0.0,0.0,0.0,0.0,0.0,0.0,0.0,0.0,0.0,0.0,0.0,0.0,0.0,0.0,0.0,0.0,0.0,0.0,0.0,0.0,0.0,0.0,0.0,0.0,0.0,0.0,0.0,0.0,0.0,0.0,0.0,0.0,0.0,0.0,0.0,0.0,0.0,0.0,0.0
industry_aluminium_smeltoven_electricity,5424733.3274937365,0.0,0.0,0.0,0.0,0.0,0.0,0.0,7421224.584342145,975669.1283437328,8666825.139747618,0.0,0.0,1645230.6128774544,0.0,0.0,38214764.67149226,0.0,0.0,0.0,0.0,660528.0236345059,0.0,0.0,0.0,0.0,0.0,1321410.2230441922,0.0,0.0,76574868.93784465,798319.1565917173,0.0,0.0,0.0,0.0,0.0,0.0,1954864.7264524857,0.0,0.0,0.0,0.0,2614276.951189175,0.0,0.0,0.0,0.0,0.0,0.0,0.0,0.0,0.0,0.0,64353599.999997966,0.0,0.0,0.0,0.0,0.0,0.0,0.0,60023999.99999811,0.0,0.0,0.0,0.0
industry_useful_demand_for_other_non_specified_cokes,98862149.00081573,0.0,0.0,0.0,0.0,0.0,0.0,0.0,0.0,0.0,1046160306.8869388,0.0,0.0,0.0,0.0,0.0,0.0,0.0,0.0,0.0,0.0,0.0,0.0,0.0,0.0,0.0,0.0,0.0,0.0,0.0,0.0,0.0,0.0,0.0,0.0,0.0,0.0,0.0,0.0,0.0,0.0,0.0,0.0,0.0,0.0,0.0,0.0,0.0,0.0,0.0,953486159.9999982,0.0,0.0,0.0,0.0,0.0,0.0,0.0,0.0,0.0,0.0,0.0,0.0,0.0,0.0,0.0,0.0
industry_useful_demand_for_other_paper_electricity,300674425.2295919,0.0,0.0,0.0,0.0,0.0,0.0,0.0,336479734.079297,129779350.32840021,1152824152.5440876,0.0,0.0,218841566.1384017,0.0,0.0,5083165171.412204,0.0,0.0,0.0,0.0,87860623.33089194,0.0,0.0,0.0,0.0,0.0,49396045.69031204,0.0,0.0,2862468943.2699604,106189012.73740907,0.0,0.0,0.0,0.0,0.0,0.0,260027776.63938683,0.0,0.0,0.0,0.0,347739981.1550789,0.0,0.0,0.0,0.0,0.0,0.0,0.0,0.0,0.0,0.0,8560041674.651721,0.0,0.0,0.0,0.0,0.0,0.0,0.0,0.0,0.0,0.0,0.0,0.0
industry_useful_demand_for_chemical_other_crude_oil_non_energetic,0.0,0.0,0.0,0.0,0.0,0.0,0.0,0.0,0.0,0.0,0.0,0.0,0.0,550952818889.2845,0.0,0.0,0.0,0.0,0.0,0.0,0.0,0.0,0.0,0.0,0.0,0.0,0.0,0.0,0.0,0.0,0.0,0.0,0.0,0.0,0.0,0.0,0.0,0.0,0.0,0.0,0.0,0.0,0.0,0.0,0.0,0.0,0.0,0.0,0.0,0.0,0.0,0.0,546115880960.00006,0.0,0.0,0.0,0.0,0.0,0.0,0.0,0.0,0.0,0.0,0.0,0.0,0.0,0.0
industry_other_paper_burner_crude_oil,0.0,0.0,0.0,0.0,0.0,0.0,0.0,0.0,0.0,0.0,0.0,0.0,0.0,0.0,0.0,0.0,0.0,0.0,0.0,0.0,0.0,0.0,0.0,0.0,0.0,0.0,0.0,0.0,0.0,0.0,0.0,0.0,0.0,0.0,0.0,0.0,0.0,0.0,0.0,0.0,0.0,0.0,0.0,0.0,0.0,0.0,0.0,0.0,0.0,0.0,0.0,0.0,0.0,0.0,0.0,0.0,0.0,0.0,0.0,0.0,0.0,0.0,0.0,0.0,0.0,0.0,0.0
industry_chemicals_fertilizers_captured_processes_co2_electricity,11603221.378419552,0.0,0.0,0.0,0.0,0.0,0.0,0.0,12984971.504951177,5008269.429826084,44488232.88559983,0.0,0.0,8445238.189995574,0.0,0.0,196162645.83171782,0.0,0.0,0.0,0.0,3390598.5258833333,0.0,0.0,0.0,0.0,0.0,1906225.4893330673,0.0,0.0,110464535.8921041,4097902.9786358634,0.0,0.0,0.0,0.0,0.0,0.0,10034640.80651743,0.0,0.0,0.0,0.0,13419511.753913928,0.0,0.0,0.0,0.0,0.0,0.0,0.0,0.0,0.0,0.0,330337568.56320024,0.0,0.0,0.0,0.0,0.0,0.0,0.0,0.0,0.0,0.0,0.0,0.0
industry_useful_demand_for_other_non_specified_useable_heat,258747003.52521047,0.0,0.0,0.0,0.0,0.0,0.0,0.0,235858284.06813976,403323.73713378754,21997601.825323932,0.0,0.0,1421911124.891781,0.0,0.0,15797283.375317018,0.0,0.0,0.0,0.0,273050.1798556522,0.0,0.0,0.0,0.0,0.0,45759222.22306663,0.0,0.0,2651717372.3362746,330010.5090018071,0.0,0.0,0.0,0.0,0.0,0.0,808105.2522408639,0.0,0.0,0.0,0.0,1080694.1812807592,0.0,0.0,0.0,0.0,0.0,0.0,0.0,0.0,0.0,0.0,0.0,0.0,0.0,0.0,0.0,0.0,0.0,0.0,0.0,0.0,4048246694.5912995,0.0,0.0
industry_other_paper_heater_electricity,187126581.31534576,0.0,0.0,0.0,0.0,0.0,0.0,0.0,209410235.91240457,80768978.38496314,717467215.1068754,0.0,0.0,136197397.2009938,0.0,0.0,3163539167.1948028,0.0,0.0,0.0,0.0,54680600.332372434,0.0,0.0,0.0,0.0,0.0,30741933.416740086,0.0,0.0,1781475185.5481083,66087386.420145094,0.0,0.0,0.0,0.0,0.0,0.0,161829889.09816307,0.0,0.0,0.0,0.0,216418120.0663303,0.0,0.0,0.0,0.0,0.0,0.0,0.0,0.0,0.0,0.0,5327394683.705929,0.0,0.0,0.0,0.0,0.0,0.0,0.0,0.0,0.0,0.0,0.0,0.0
industry_useful_demand_for_other_non_specified_electricity,1310426680.9182525,0.0,0.0,0.0,0.0,0.0,0.0,0.0,1466476640.9351184,565616191.5756942,5024343280.101715,0.0,0.0,953775256.8836503,0.0,0.0,22153913686.029644,0.0,0.0,0.0,0.0,382922175.4626908,0.0,0.0,0.0,0.0,0.0,215282347.85853457,0.0,0.0,12475473009.374056,462802632.46604115,0.0,0.0,0.0,0.0,0.0,0.0,1133276752.8462496,0.0,0.0,0.0,0.0,1515552075.9029212,0.0,0.0,0.0,0.0,0.0,0.0,0.0,0.0,0.0,0.0,37307153715.08685,0.0,0.0,0.0,0.0,0.0,0.0,0.0,0.0,0.0,0.0,0.0,0.0
industry_useful_demand_for_other_non_specified_network_gas_non_energetic,0.0,0.0,0.0,0.0,0.0,0.0,0.0,0.0,0.0,0.0,0.0,0.0,0.0,0.0,0.0,0.0,0.0,0.0,0.0,0.0,0.0,0.0,0.0,0.0,0.0,0.0,0.0,0.0,0.0,0.0,0.0,0.0,0.0,0.0,0.0,0.0,0.0,0.0,0.0,0.0,0.0,0.0,0.0,0.0,0.0,0.0,0.0,0.0,0.0,0.0,0.0,0.0,0.0,0.0,0.0,0.0,0.0,0.0,0.0,0.0,0.0,0.0,0.0,0.0,0.0,0.0,0.0
industry_useful_demand_for_chemical_fertilizers_wood_pellets_non_energetic,0.0,0.0,0.0,0.0,0.0,0.0,0.0,0.0,0.0,0.0,0.0,0.0,0.0,0.0,0.0,0.0,0.0,0.0,0.0,0.0,0.0,0.0,0.0,0.0,0.0,0.0,0.0,0.0,0.0,0.0,0.0,0.0,0.0,0.0,0.0,0.0,0.0,0.0,0.0,0.0,0.0,0.0,0.0,0.0,0.0,0.0,0.0,0.0,0.0,0.0,0.0,0.0,0.0,0.0,0.0,0.0,0.0,0.0,0.0,0.0,0.0,0.0,0.0,0.0,0.0,0.0,0.0
industry_useful_demand_for_other_non_specified_wood_pellets,0.0,0.0,0.0,0.0,0.0,0.0,0.0,0.0,0.0,0.0,0.0,0.0,0.0,0.0,0.0,0.0,0.0,0.0,0.0,0.0,0.0,0.0,0.0,0.0,0.0,0.0,0.0,0.0,0.0,0.0,0.0,0.0,0.0,0.0,0.0,0.0,0.0,0.0,0.0,0.0,0.0,0.0,0.0,6623371492.895855,0.0,0.0,0.0,0.0,0.0,0.0,0.0,0.0,0.0,0.0,0.0,0.0,0.0,0.0,0.0,0.0,0.0,0.0,0.0,0.0,0.0,0.0,6623371492.895855
industry_other_paper_burner_wood_pellets,0.0,0.0,0.0,0.0,0.0,0.0,0.0,0.0,0.0,0.0,0.0,0.0,0.0,0.0,0.0,0.0,0.0,0.0,0.0,0.0,0.0,0.0,0.0,0.0,0.0,0.0,0.0,0.0,0.0,0.0,0.0,0.0,0.0,0.0,0.0,0.0,0.0,0.0,0.0,0.0,0.0,0.0,0.0,813184422.2777286,0.0,0.0,0.0,0.0,0.0,0.0,0.0,0.0,0.0,0.0,0.0,0.0,0.0,0.0,0.0,0.0,0.0,0.0,0.0,0.0,0.0,0.0,813184422.2777286
industry_aluminium_carbothermalreduction_electricity,0.0,0.0,0.0,0.0,0.0,0.0,0.0,0.0,0.0,0.0,0.0,0.0,0.0,0.0,0.0,0.0,0.0,0.0,0.0,0.0,0.0,0.0,0.0,0.0,0.0,0.0,0.0,0.0,0.0,0.0,0.0,0.0,0.0,0.0,0.0,0.0,0.0,0.0,0.0,0.0,0.0,0.0,0.0,0.0,0.0,0.0,0.0,0.0,0.0,0.0,0.0,0.0,0.0,0.0,0.0,0.0,0.0,0.0,0.0,0.0,0.0,0.0,0.0,0.0,0.0,0.0,0.0
industry_steel_dri_network_gas,0.0,0.0,0.0,0.0,0.0,0.0,0.0,0.0,0.0,0.0,0.0,0.0,0.0,0.0,0.0,0.0,0.0,0.0,0.0,0.0,0.0,0.0,0.0,0.0,0.0,0.0,0.0,0.0,0.0,0.0,0.0,0.0,0.0,0.0,0.0,0.0,0.0,0.0,0.0,0.0,0.0,0.0,0.0,0.0,0.0,0.0,0.0,0.0,0.0,0.0,0.0,0.0,0.0,0.0,0.0,0.0,0.0,0.0,0.0,0.0,0.0,0.0,0.0,0.0,0.0,0.0,0.0
industry_steel_blastfurnace_bof_captured_co2_electricity,14196374.528283766,0.0,0.0,0.0,0.0,0.0,0.0,0.0,15886925.94163776,6127545.63974798,54430713.294854894,0.0,0.0,10332627.501938833,0.0,0.0,240002176.79768682,0.0,0.0,0.0,0.0,4148348.54724136,0.0,0.0,0.0,0.0,0.0,2332239.478966073,0.0,0.0,135151771.4325429,5013725.375737706,0.0,0.0,0.0,0.0,0.0,0.0,12277238.75122035,0.0,0.0,0.0,0.0,16418579.688532757,0.0,0.0,0.0,0.0,0.0,0.0,0.0,0.0,0.0,0.0,404163265.6262021,0.0,0.0,0.0,0.0,0.0,0.0,0.0,0.0,0.0,0.0,0.0,0.0
industry_steel_scrap_hbi_eaf,14550993.51886034,0.0,0.0,0.0,0.0,0.0,0.0,0.0,19184725.985042173,3346793.973410021,29729420.869906645,0.0,0.0,5643560.649905141,0.0,0.0,131086390.23451175,0.0,0.0,0.0,0.0,2265779.601452731,0.0,0.0,0.0,0.0,0.0,3314621.660279116,0.0,0.0,192080184.32738122,2738438.333776652,0.0,0.0,0.0,0.0,0.0,0.0,6705684.637608052,0.0,0.0,0.0,0.0,8967636.764235284,0.0,0.0,0.0,0.0,0.0,0.0,0.0,0.0,0.0,0.0,220749262.62436125,0.0,0.0,0.0,0.0,0.0,0.0,0.0,128935393.70881802,0.0,0.0,0.0,0.0
industry_useful_demand_for_other_non_specified_crude_oil,1276414815.5517497,0.0,0.0,0.0,0.0,0.0,0.0,38709612.07121782,0.0,0.0,0.0,0.0,0.0,17413571835.630966,0.0,0.0,0.0,0.0,0.0,0.0,0.0,0.0,0.0,0.0,0.0,0.0,0.0,0.0,0.0,0.0,0.0,0.0,0.0,0.0,0.0,0.0,0.0,0.0,0.0,0.0,0.0,0.0,0.0,0.0,0.0,0.0,0.0,0.0,0.0,0.0,0.0,0.0,17437039236.399292,0.0,0.0,0.0,0.0,0.0,0.0,0.0,0.0,0.0,0.0,0.0,0.0,0.0,0.0
energy_export_heavy_fuel_oil,28734564378.329025,0.0,0.0,0.0,0.0,0.0,0.0,0.0,0.0,0.0,0.0,0.0,0.0,392013156593.84753,0.0,0.0,0.0,0.0,0.0,0.0,0.0,0.0,0.0,0.0,0.0,0.0,0.0,0.0,0.0,0.0,0.0,0.0,0.0,0.0,0.0,0.0,0.0,0.0,0.0,0.0,0.0,0.0,0.0,0.0,0.0,0.0,0.0,0.0,0.0,0.0,0.0,0.0,0.0,0.0,0.0,0.0,0.0,0.0,0.0,0.0,0.0,0.0,0.0,0.0,0.0,0.0,0.0
energy_export_gasoline,13409703594.537493,0.0,0.0,0.0,0.0,0.0,0.0,0.0,0.0,0.0,0.0,0.0,0.0,182942750266.5415,0.0,0.0,0.0,0.0,0.0,0.0,0.0,0.0,0.0,0.0,0.0,0.0,0.0,0.0,0.0,0.0,0.0,0.0,0.0,0.0,0.0,0.0,0.0,0.0,0.0,0.0,0.0,0.0,0.0,0.0,0.0,0.0,0.0,0.0,0.0,0.0,0.0,0.0,0.0,0.0,0.0,0.0,0.0,0.0,0.0,0.0,0.0,0.0,0.0,0.0,0.0,0.0,0.0
energy_export_oil_products,0.0,0.0,0.0,0.0,0.0,0.0,0.0,0.0,0.0,0.0,0.0,0.0,0.0,0.0,0.0,0.0,0.0,0.0,0.0,0.0,0.0,0.0,0.0,0.0,0.0,0.0,0.0,0.0,0.0,0.0,0.0,0.0,0.0,0.0,0.0,0.0,0.0,0.0,0.0,0.0,0.0,0.0,0.0,0.0,0.0,0.0,0.0,0.0,0.0,0.0,0.0,0.0,0.0,0.0,0.0,0.0,0.0,0.0,0.0,0.0,0.0,0.0,0.0,0.0,0.0,0.0,0.0
industry_useful_demand_for_other_non_specified_cokes_non_energetic,0.0,0.0,0.0,0.0,0.0,0.0,0.0,0.0,0.0,0.0,123089749.72722127,0.0,0.0,0.0,0.0,0.0,0.0,0.0,0.0,0.0,0.0,0.0,0.0,0.0,0.0,0.0,0.0,0.0,0.0,0.0,0.0,0.0,0.0,0.0,0.0,0.0,0.0,0.0,0.0,0.0,0.0,0.0,0.0,0.0,0.0,0.0,0.0,0.0,0.0,0.0,112185840.00000001,0.0,0.0,0.0,0.0,0.0,0.0,0.0,0.0,0.0,0.0,0.0,0.0,0.0,0.0,0.0,0.0
industry_steel_dri_hydrogen,710028950.8481429,0.0,0.0,0.0,0.0,0.0,0.0,0.0,631095805.3648596,122487323.37216276,3452460079.5139027,0.0,0.0,206545321.8176499,0.0,0.0,41449031622.01656,0.0,0.0,0.0,0.0,82923920.90404609,0.0,0.0,0.0,0.0,0.0,107513407.98677891,0.0,0.0,6230332550.842757,100222476.9104226,0.0,0.0,0.0,0.0,0.0,0.0,245417366.34046918,0.0,0.0,0.0,0.0,328201207.7683436,0.0,0.0,0.0,0.0,2364410675.609572,0.0,0.0,0.0,0.0,0.0,8079071054.286266,0.0,0.0,23948674910.920006,0.0,0.0,0.0,0.0,3847176692.5172687,0.0,0.0,0.0,0.0
industry_useful_demand_for_chemical_other_hydrogen_non_energetic,0.0,0.0,0.0,0.0,0.0,0.0,0.0,0.0,0.0,0.0,0.0,0.0,0.0,0.0,0.0,0.0,0.0,0.0,0.0,0.0,0.0,0.0,0.0,0.0,0.0,0.0,0.0,0.0,0.0,0.0,0.0,0.0,0.0,0.0,0.0,0.0,0.0,0.0,0.0,0.0,0.0,0.0,0.0,0.0,0.0,0.0,0.0,0.0,0.0,0.0,0.0,0.0,0.0,0.0,0.0,0.0,0.0,0.0,0.0,0.0,0.0,0.0,0.0,0.0,0.0,0.0,0.0
industry_steel_cyclonefurnace_bof,0.0,0.0,0.0,0.0,0.0,0.0,0.0,0.0,0.0,0.0,0.0,0.0,0.0,0.0,0.0,0.0,0.0,0.0,0.0,0.0,0.0,0.0,0.0,0.0,0.0,0.0,0.0,0.0,0.0,0.0,0.0,0.0,0.0,0.0,0.0,0.0,0.0,0.0,0.0,0.0,0.0,0.0,0.0,0.0,0.0,0.0,0.0,0.0,0.0,0.0,0.0,0.0,0.0,0.0,0.0,0.0,0.0,0.0,0.0,0.0,0.0,0.0,0.0,0.0,0.0,0.0,0.0
industry_useful_demand_for_other_non_specified_coal,193092511.18143055,0.0,0.0,0.0,0.0,0.0,0.0,0.0,0.0,0.0,2043306996.6288948,0.0,0.0,0.0,0.0,0.0,0.0,0.0,0.0,0.0,0.0,0.0,0.0,0.0,0.0,0.0,0.0,0.0,0.0,0.0,0.0,0.0,0.0,0.0,0.0,0.0,0.0,0.0,0.0,0.0,0.0,0.0,0.0,0.0,0.0,0.0,0.0,0.0,2043306996.6288948,0.0,0.0,0.0,0.0,0.0,0.0,0.0,0.0,0.0,0.0,0.0,0.0,0.0,0.0,0.0,0.0,0.0,0.0
industry_chemicals_other_burner_hydrogen,0.0,0.0,0.0,0.0,0.0,0.0,0.0,0.0,0.0,0.0,0.0,0.0,0.0,0.0,0.0,0.0,0.0,0.0,0.0,0.0,0.0,0.0,0.0,0.0,0.0,0.0,0.0,0.0,0.0,0.0,0.0,0.0,0.0,0.0,0.0,0.0,0.0,0.0,0.0,0.0,0.0,0.0,0.0,0.0,0.0,0.0,0.0,0.0,0.0,0.0,0.0,0.0,0.0,0.0,0.0,0.0,0.0,0.0,0.0,0.0,0.0,0.0,0.0,0.0,0.0,0.0,0.0
industry_useful_demand_for_chemical_refineries_coal_non_energetic,0.0,0.0,0.0,0.0,0.0,0.0,0.0,0.0,0.0,0.0,0.0,0.0,0.0,0.0,0.0,0.0,0.0,0.0,0.0,0.0,0.0,0.0,0.0,0.0,0.0,0.0,0.0,0.0,0.0,0.0,0.0,0.0,0.0,0.0,0.0,0.0,0.0,0.0,0.0,0.0,0.0,0.0,0.0,0.0,0.0,0.0,0.0,0.0,0.0,0.0,0.0,0.0,0.0,0.0,0.0,0.0,0.0,0.0,0.0,0.0,0.0,0.0,0.0,0.0,0.0,0.0,0.0
industry_other_paper_burner_coal,0.0,0.0,0.0,0.0,0.0,0.0,0.0,0.0,0.0,0.0,0.0,0.0,0.0,0.0,0.0,0.0,0.0,0.0,0.0,0.0,0.0,0.0,0.0,0.0,0.0,0.0,0.0,0.0,0.0,0.0,0.0,0.0,0.0,0.0,0.0,0.0,0.0,0.0,0.0,0.0,0.0,0.0,0.0,0.0,0.0,0.0,0.0,0.0,0.0,0.0,0.0,0.0,0.0,0.0,0.0,0.0,0.0,0.0,0.0,0.0,0.0,0.0,0.0,0.0,0.0,0.0,0.0
industry_chemicals_fertilizers_captured_combustion_co2_electricity,27628060.436878655,0.0,0.0,0.0,0.0,0.0,0.0,0.0,30918101.603849843,11925030.642676037,105929512.74542524,0.0,0.0,20108687.364268333,0.0,0.0,467076621.0301258,0.0,0.0,0.0,0.0,8073246.035322628,0.0,0.0,0.0,0.0,0.0,4538852.729601717,0.0,0.0,263023584.07424426,9757386.114237677,0.0,0.0,0.0,0.0,0.0,0.0,23893163.25382342,0.0,0.0,0.0,0.0,31952771.534644045,0.0,0.0,0.0,0.0,0.0,0.0,0.0,0.0,0.0,0.0,786556251.1639982,0.0,0.0,0.0,0.0,0.0,0.0,0.0,0.0,0.0,0.0,0.0,0.0
industry_useful_demand_for_chemical_fertilizers_crude_oil_non_energetic,0.0,0.0,0.0,0.0,0.0,0.0,0.0,0.0,0.0,0.0,0.0,0.0,0.0,0.0,0.0,0.0,0.0,0.0,0.0,0.0,0.0,0.0,0.0,0.0,0.0,0.0,0.0,0.0,0.0,0.0,0.0,0.0,0.0,0.0,0.0,0.0,0.0,0.0,0.0,0.0,0.0,0.0,0.0,0.0,0.0,0.0,0.0,0.0,0.0,0.0,0.0,0.0,0.0,0.0,0.0,0.0,0.0,0.0,0.0,0.0,0.0,0.0,0.0,0.0,0.0,0.0,0.0
industry_useful_demand_for_chemical_fertilizers_coal_non_energetic,0.0,0.0,0.0,0.0,0.0,0.0,0.0,0.0,0.0,0.0,0.0,0.0,0.0,0.0,0.0,0.0,0.0,0.0,0.0,0.0,0.0,0.0,0.0,0.0,0.0,0.0,0.0,0.0,0.0,0.0,0.0,0.0,0.0,0.0,0.0,0.0,0.0,0.0,0.0,0.0,0.0,0.0,0.0,0.0,0.0,0.0,0.0,0.0,0.0,0.0,0.0,0.0,0.0,0.0,0.0,0.0,0.0,0.0,0.0,0.0,0.0,0.0,0.0,0.0,0.0,0.0,0.0
industry_other_paper_burner_network_gas,186877492.84106848,0.0,0.0,0.0,0.0,0.0,0.0,0.0,288889420.7042039,0.0,0.0,0.0,0.0,0.0,0.0,0.0,0.0,0.0,0.0,0.0,0.0,0.0,0.0,0.0,0.0,0.0,0.0,56108608.736986786,0.0,0.0,3251457636.237676,0.0,0.0,0.0,0.0,0.0,0.0,0.0,0.0,0.0,0.0,0.0,0.0,0.0,0.0,0.0,0.0,0.0,0.0,0.0,0.0,0.0,0.0,0.0,0.0,0.0,0.0,0.0,0.0,0.0,0.0,0.0,3544912624.259135,0.0,0.0,0.0,0.0
industry_other_food_burner_crude_oil,15868164.842696948,0.0,0.0,0.0,0.0,0.0,0.0,481231.0996855805,0.0,0.0,0.0,0.0,0.0,216482467.1582121,0.0,0.0,0.0,0.0,0.0,0.0,0.0,0.0,0.0,0.0,0.0,0.0,0.0,0.0,0.0,0.0,0.0,0.0,0.0,0.0,0.0,0.0,0.0,0.0,0.0,0.0,0.0,0.0,0.0,0.0,0.0,0.0,0.0,0.0,0.0,0.0,0.0,0.0,216774209.76358172,0.0,0.0,0.0,0.0,0.0,0.0,0.0,0.0,0.0,0.0,0.0,0.0,0.0,0.0
industry_other_food_burner_coal,92999830.52671349,0.0,0.0,0.0,0.0,0.0,0.0,0.0,0.0,0.0,984125190.7588729,0.0,0.0,0.0,0.0,0.0,0.0,0.0,0.0,0.0,0.0,0.0,0.0,0.0,0.0,0.0,0.0,0.0,0.0,0.0,0.0,0.0,0.0,0.0,0.0,0.0,0.0,0.0,0.0,0.0,0.0,0.0,0.0,0.0,0.0,0.0,0.0,0.0,984125190.7588729,0.0,0.0,0.0,0.0,0.0,0.0,0.0,0.0,0.0,0.0,0.0,0.0,0.0,0.0,0.0,0.0,0.0,0.0
industry_final_demand_for_other_food_steam_hot_water,395064747.503627,0.0,0.0,0.0,0.0,0.0,0.0,0.0,360117381.7378706,615809.9927810532,33586773.537109524,0.0,0.0,2171027883.8967776,0.0,0.0,24119891.951926656,0.0,0.0,0.0,0.0,416903.3801003336,0.0,0.0,0.0,0.0,0.0,69866917.59604008,0.0,0.0,4048742748.2457433,503872.5729615627,0.0,0.0,0.0,0.0,0.0,0.0,1233845.7763117084,0.0,0.0,0.0,0.0,1650044.9011565987,0.0,0.0,0.0,0.0,0.0,0.0,0.0,0.0,0.0,0.0,0.0,0.0,0.0,0.0,0.0,0.0,0.0,0.0,0.0,0.0,6181016732.335909,0.0,0.0
industry_other_food_heater_electricity,689743532.4537342,0.0,0.0,0.0,0.0,0.0,0.0,0.0,771880482.3713553,297712276.2160736,2644564806.8224316,0.0,0.0,502019933.22428054,0.0,0.0,11660720058.576439,0.0,0.0,0.0,0.0,201551218.2439921,0.0,0.0,0.0,0.0,0.0,113313937.55111001,0.0,0.0,6566469492.583287,243596324.15476424,0.0,0.0,0.0,0.0,0.0,0.0,596500607.1214387,0.0,0.0,0.0,0.0,797711354.3799111,0.0,0.0,0.0,0.0,0.0,0.0,0.0,0.0,0.0,0.0,19636633139.373405,0.0,0.0,0.0,0.0,0.0,0.0,0.0,0.0,0.0,0.0,0.0,0.0
industry_other_food_burner_wood_pellets,0.0,0.0,0.0,0.0,0.0,0.0,0.0,0.0,0.0,0.0,0.0,0.0,0.0,0.0,0.0,0.0,0.0,0.0,0.0,0.0,0.0,0.0,0.0,0.0,0.0,0.0,0.0,0.0,0.0,0.0,0.0,0.0,0.0,0.0,0.0,0.0,0.0,0.0,0.0,0.0,0.0,0.0,0.0,3381654804.1768327,0.0,0.0,0.0,0.0,0.0,0.0,0.0,0.0,0.0,0.0,0.0,0.0,0.0,0.0,0.0,0.0,0.0,0.0,0.0,0.0,0.0,0.0,3381654804.1768327
industry_other_food_burner_hydrogen,0.0,0.0,0.0,0.0,0.0,0.0,0.0,0.0,0.0,0.0,0.0,0.0,0.0,0.0,0.0,0.0,0.0,0.0,0.0,0.0,0.0,0.0,0.0,0.0,0.0,0.0,0.0,0.0,0.0,0.0,0.0,0.0,0.0,0.0,0.0,0.0,0.0,0.0,0.0,0.0,0.0,0.0,0.0,0.0,0.0,0.0,0.0,0.0,0.0,0.0,0.0,0.0,0.0,0.0,0.0,0.0,0.0,0.0,0.0,0.0,0.0,0.0,0.0,0.0,0.0,0.0,0.0
industry_useful_demand_for_chemical_other_coal_non_energetic,0.0,0.0,0.0,0.0,0.0,0.0,0.0,0.0,0.0,0.0,0.0,0.0,0.0,0.0,0.0,0.0,0.0,0.0,0.0,0.0,0.0,0.0,0.0,0.0,0.0,0.0,0.0,0.0,0.0,0.0,0.0,0.0,0.0,0.0,0.0,0.0,0.0,0.0,0.0,0.0,0.0,0.0,0.0,0.0,0.0,0.0,0.0,0.0,0.0,0.0,0.0,0.0,0.0,0.0,0.0,0.0,0.0,0.0,0.0,0.0,0.0,0.0,0.0,0.0,0.0,0.0,0.0
industry_chemicals_other_burner_network_gas,949654197.9722226,0.0,0.0,0.0,0.0,0.0,0.0,0.0,1468047579.9984636,0.0,0.0,0.0,0.0,0.0,0.0,0.0,0.0,0.0,0.0,0.0,0.0,0.0,0.0,0.0,0.0,0.0,0.0,285126769.5183393,0.0,0.0,16522912132.644892,0.0,0.0,0.0,0.0,0.0,0.0,0.0,0.0,0.0,0.0,0.0,0.0,0.0,0.0,0.0,0.0,0.0,0.0,0.0,0.0,0.0,0.0,0.0,0.0,0.0,0.0,0.0,0.0,0.0,0.0,0.0,18014160527.80328,0.0,0.0,0.0,0.0
energy_methanol_production_coal_gas,0.0,0.0,0.0,0.0,0.0,0.0,0.0,0.0,0.0,0.0,0.0,0.0,0.0,0.0,0.0,0.0,0.0,0.0,0.0,0.0,0.0,0.0,0.0,0.0,0.0,0.0,0.0,0.0,0.0,0.0,0.0,0.0,0.0,0.0,0.0,0.0,0.0,0.0,0.0,0.0,0.0,0.0,0.0,0.0,0.0,0.0,0.0,0.0,0.0,0.0,0.0,0.0,0.0,0.0,0.0,0.0,0.0,0.0,0.0,0.0,0.0,0.0,0.0,0.0,0.0,0.0,0.0
industry_chemicals_refineries_burner_wood_pellets,0.0,0.0,0.0,0.0,0.0,0.0,0.0,0.0,0.0,0.0,0.0,0.0,0.0,0.0,0.0,0.0,0.0,0.0,0.0,0.0,0.0,0.0,0.0,0.0,0.0,0.0,0.0,0.0,0.0,0.0,0.0,0.0,0.0,0.0,0.0,0.0,0.0,0.0,0.0,0.0,0.0,0.0,0.0,0.0,0.0,0.0,0.0,0.0,0.0,0.0,0.0,0.0,0.0,0.0,0.0,0.0,0.0,0.0,0.0,0.0,0.0,0.0,0.0,0.0,0.0,0.0,0.0
industry_chemicals_refineries_burner_coal,0.0,0.0,0.0,0.0,0.0,0.0,0.0,0.0,0.0,0.0,0.0,0.0,0.0,0.0,0.0,0.0,0.0,0.0,0.0,0.0,0.0,0.0,0.0,0.0,0.0,0.0,0.0,0.0,0.0,0.0,0.0,0.0,0.0,0.0,0.0,0.0,0.0,0.0,0.0,0.0,0.0,0.0,0.0,0.0,0.0,0.0,0.0,0.0,0.0,0.0,0.0,0.0,0.0,0.0,0.0,0.0,0.0,0.0,0.0,0.0,0.0,0.0,0.0,0.0,0.0,0.0,0.0
industry_chemicals_refineries_burner_network_gas,1861657350.0832438,0.0,0.0,0.0,0.0,0.0,0.0,0.0,2877891313.9243546,0.0,0.0,0.0,0.0,0.0,0.0,0.0,0.0,0.0,0.0,0.0,0.0,0.0,0.0,0.0,0.0,0.0,0.0,558949086.217627,0.0,0.0,32390738525.875183,0.0,0.0,0.0,0.0,0.0,0.0,0.0,0.0,0.0,0.0,0.0,0.0,0.0,0.0,0.0,0.0,0.0,0.0,0.0,0.0,0.0,0.0,0.0,0.0,0.0,0.0,0.0,0.0,0.0,0.0,0.0,35314111624.81415,0.0,0.0,0.0,0.0
industry_final_demand_for_chemical_refineries_steam_hot_water,848460383.8642569,0.0,0.0,0.0,0.0,0.0,0.0,0.0,773405711.0289235,1322543.6745850393,72132598.38577773,0.0,0.0,4662605720.684187,0.0,0.0,51801060.240405805,0.0,0.0,0.0,0.0,895362.0998820902,0.0,0.0,0.0,0.0,0.0,150049611.10179627,0.0,0.0,8695278047.588064,1082141.394227318,0.0,0.0,0.0,0.0,0.0,0.0,2649867.5663009216,0.0,0.0,0.0,0.0,3543717.1731343465,0.0,0.0,0.0,0.0,0.0,0.0,0.0,0.0,0.0,0.0,0.0,0.0,0.0,0.0,0.0,0.0,0.0,0.0,0.0,0.0,13274653996.66158,0.0,0.0
industry_chemicals_refineries_burner_hydrogen,0.0,0.0,0.0,0.0,0.0,0.0,0.0,0.0,0.0,0.0,0.0,0.0,0.0,0.0,0.0,0.0,0.0,0.0,0.0,0.0,0.0,0.0,0.0,0.0,0.0,0.0,0.0,0.0,0.0,0.0,0.0,0.0,0.0,0.0,0.0,0.0,0.0,0.0,0.0,0.0,0.0,0.0,0.0,0.0,0.0,0.0,0.0,0.0,0.0,0.0,0.0,0.0,0.0,0.0,0.0,0.0,0.0,0.0,0.0,0.0,0.0,0.0,0.0,0.0,0.0,0.0,0.0
industry_chemicals_refineries_burner_crude_oil,7226294753.248312,0.0,0.0,0.0,0.0,0.0,0.0,219150595.24720615,0.0,0.0,0.0,0.0,0.0,98585194450.86372,0.0,0.0,0.0,0.0,0.0,0.0,0.0,0.0,0.0,0.0,0.0,0.0,0.0,0.0,0.0,0.0,0.0,0.0,0.0,0.0,0.0,0.0,0.0,0.0,0.0,0.0,0.0,0.0,0.0,0.0,0.0,0.0,0.0,0.0,0.0,0.0,0.0,0.0,98718052792.03806,0.0,0.0,0.0,0.0,0.0,0.0,0.0,0.0,0.0,0.0,0.0,0.0,0.0,0.0
industry_other_food_burner_network_gas,1183831359.4329917,0.0,0.0,0.0,0.0,0.0,0.0,0.0,1830056420.5927188,0.0,0.0,0.0,0.0,0.0,0.0,0.0,0.0,0.0,0.0,0.0,0.0,0.0,0.0,0.0,0.0,0.0,0.0,355436759.91785175,0.0,0.0,20597330663.674923,0.0,0.0,0.0,0.0,0.0,0.0,0.0,0.0,0.0,0.0,0.0,0.0,0.0,0.0,0.0,0.0,0.0,0.0,0.0,0.0,0.0,0.0,0.0,0.0,0.0,0.0,0.0,0.0,0.0,0.0,0.0,22456309035.657288,0.0,0.0,0.0,0.0
industry_useful_demand_for_chemical_other_wood_pellets_non_energetic,0.0,0.0,0.0,0.0,0.0,0.0,0.0,0.0,0.0,0.0,0.0,0.0,0.0,0.0,0.0,0.0,0.0,0.0,0.0,0.0,0.0,0.0,0.0,0.0,0.0,0.0,0.0,0.0,0.0,0.0,0.0,0.0,0.0,0.0,0.0,0.0,0.0,0.0,0.0,0.0,0.0,0.0,0.0,0.0,0.0,0.0,0.0,0.0,0.0,0.0,0.0,0.0,0.0,0.0,0.0,0.0,0.0,0.0,0.0,0.0,0.0,0.0,0.0,0.0,0.0,0.0,0.0
industry_final_demand_for_chemical_fertilizers_hydrogen_non_energetic,0.0,0.0,0.0,0.0,0.0,0.0,0.0,0.0,0.0,0.0,0.0,0.0,0.0,0.0,0.0,0.0,4728332296.772941,0.0,0.0,0.0,0.0,0.0,0.0,0.0,0.0,0.0,0.0,0.0,0.0,0.0,0.0,0.0,0.0,0.0,0.0,0.0,0.0,0.0,0.0,0.0,0.0,0.0,0.0,0.0,0.0,0.0,0.0,0.0,0.0,0.0,0.0,0.0,0.0,0.0,0.0,0.0,0.0,3089569560.0000024,0.0,0.0,0.0,0.0,0.0,0.0,0.0,0.0,0.0
industry_useful_demand_for_chemical_fertilizers_network_gas_non_energetic,3898568291.2470756,0.0,0.0,0.0,0.0,0.0,0.0,0.0,6026702938.443095,0.0,0.0,0.0,0.0,0.0,0.0,0.0,0.0,0.0,0.0,0.0,0.0,0.0,0.0,0.0,0.0,0.0,0.0,1170516789.1675289,0.0,0.0,67830691905.47098,0.0,0.0,0.0,0.0,0.0,0.0,0.0,0.0,0.0,0.0,0.0,0.0,0.0,0.0,0.0,0.0,0.0,0.0,0.0,0.0,0.0,0.0,0.0,0.0,0.0,0.0,0.0,0.0,0.0,0.0,0.0,73952640000.00005,0.0,0.0,0.0,0.0
industry_final_demand_for_chemical_fertilizers_steam_hot_water,0.0,0.0,0.0,0.0,0.0,0.0,0.0,0.0,0.0,0.0,0.0,0.0,0.0,0.0,0.0,0.0,0.0,0.0,0.0,0.0,0.0,0.0,0.0,0.0,0.0,0.0,0.0,0.0,0.0,0.0,0.0,0.0,0.0,0.0,0.0,0.0,0.0,0.0,0.0,0.0,0.0,0.0,0.0,0.0,0.0,0.0,0.0,0.0,0.0,0.0,0.0,0.0,0.0,0.0,0.0,0.0,0.0,0.0,0.0,0.0,0.0,0.0,0.0,0.0,0.0,0.0,0.0
industry_chemicals_fertilizers_burner_crude_oil,0.0,0.0,0.0,0.0,0.0,0.0,0.0,0.0,0.0,0.0,0.0,0.0,0.0,0.0,0.0,0.0,0.0,0.0,0.0,0.0,0.0,0.0,0.0,0.0,0.0,0.0,0.0,0.0,0.0,0.0,0.0,0.0,0.0,0.0,0.0,0.0,0.0,0.0,0.0,0.0,0.0,0.0,0.0,0.0,0.0,0.0,0.0,0.0,0.0,0.0,0.0,0.0,0.0,0.0,0.0,0.0,0.0,0.0,0.0,0.0,0.0,0.0,0.0,0.0,0.0,0.0,0.0
industry_chemicals_fertilizers_burner_network_gas,1187053279.5654263,0.0,0.0,0.0,0.0,0.0,0.0,0.0,1835037109.4197347,0.0,0.0,0.0,0.0,0.0,0.0,0.0,0.0,0.0,0.0,0.0,0.0,0.0,0.0,0.0,0.0,0.0,0.0,356404118.0161666,0.0,0.0,20653388440.663948,0.0,0.0,0.0,0.0,0.0,0.0,0.0,0.0,0.0,0.0,0.0,0.0,0.0,0.0,0.0,0.0,0.0,0.0,0.0,0.0,0.0,0.0,0.0,0.0,0.0,0.0,0.0,0.0,0.0,0.0,0.0,22517426215.571167,0.0,0.0,0.0,0.0
industry_chemicals_fertilizers_burner_coal,0.0,0.0,0.0,0.0,0.0,0.0,0.0,0.0,0.0,0.0,0.0,0.0,0.0,0.0,0.0,0.0,0.0,0.0,0.0,0.0,0.0,0.0,0.0,0.0,0.0,0.0,0.0,0.0,0.0,0.0,0.0,0.0,0.0,0.0,0.0,0.0,0.0,0.0,0.0,0.0,0.0,0.0,0.0,0.0,0.0,0.0,0.0,0.0,0.0,0.0,0.0,0.0,0.0,0.0,0.0,0.0,0.0,0.0,0.0,0.0,0.0,0.0,0.0,0.0,0.0,0.0,0.0
energy_export_coal,0.0,0.0,0.0,0.0,0.0,0.0,0.0,0.0,0.0,0.0,0.0,0.0,0.0,0.0,0.0,0.0,0.0,0.0,0.0,0.0,0.0,0.0,0.0,0.0,0.0,0.0,0.0,0.0,0.0,0.0,0.0,0.0,0.0,0.0,0.0,0.0,0.0,0.0,0.0,0.0,0.0,0.0,0.0,0.0,0.0,0.0,0.0,0.0,0.0,0.0,0.0,0.0,0.0,0.0,0.0,0.0,0.0,0.0,0.0,0.0,0.0,0.0,0.0,0.0,0.0,0.0,0.0
industry_unused_local_production_steam_hot_water,0.0,0.0,0.0,0.0,0.0,0.0,0.0,0.0,0.0,0.0,0.0,0.0,0.0,0.0,0.0,0.0,0.0,0.0,0.0,0.0,0.0,0.0,0.0,0.0,0.0,0.0,0.0,0.0,0.0,0.0,0.0,0.0,0.0,0.0,0.0,0.0,0.0,0.0,0.0,0.0,0.0,0.0,0.0,0.0,0.0,0.0,0.0,0.0,0.0,0.0,0.0,0.0,0.0,0.0,0.0,0.0,0.0,0.0,0.0,0.0,0.0,0.0,0.0,0.0,0.0,0.0,0.0
energy_export_diesel,65614876466.97263,0.0,0.0,0.0,0.0,0.0,0.0,0.0,0.0,0.0,0.0,0.0,0.0,895155204187.894,0.0,0.0,0.0,0.0,0.0,0.0,0.0,0.0,0.0,0.0,0.0,0.0,0.0,0.0,0.0,0.0,0.0,0.0,0.0,0.0,0.0,0.0,0.0,0.0,0.0,0.0,0.0,0.0,0.0,0.0,0.0,0.0,0.0,0.0,0.0,0.0,0.0,0.0,0.0,0.0,0.0,0.0,0.0,0.0,0.0,0.0,0.0,0.0,0.0,0.0,0.0,0.0,0.0
energy_export_crude_oil,0.0,0.0,0.0,0.0,0.0,0.0,0.0,0.0,0.0,0.0,0.0,0.0,0.0,0.0,0.0,0.0,0.0,0.0,0.0,0.0,0.0,0.0,0.0,0.0,0.0,0.0,0.0,0.0,0.0,0.0,0.0,0.0,0.0,0.0,0.0,0.0,0.0,0.0,0.0,0.0,0.0,0.0,0.0,0.0,0.0,0.0,0.0,0.0,0.0,0.0,0.0,0.0,0.0,0.0,0.0,0.0,0.0,0.0,0.0,0.0,0.0,0.0,0.0,0.0,0.0,0.0,0.0
energy_export_kerosene,28198200633.997066,0.0,0.0,0.0,0.0,0.0,0.0,0.0,0.0,0.0,0.0,0.0,0.0,384695779454.2574,0.0,0.0,0.0,0.0,0.0,0.0,0.0,0.0,0.0,0.0,0.0,0.0,0.0,0.0,0.0,0.0,0.0,0.0,0.0,0.0,0.0,0.0,0.0,0.0,0.0,0.0,0.0,0.0,0.0,0.0,0.0,0.0,0.0,0.0,0.0,0.0,0.0,0.0,0.0,0.0,0.0,0.0,0.0,0.0,0.0,0.0,0.0,0.0,0.0,0.0,0.0,0.0,0.0
energy_export_lpg,5602840737.716906,0.0,0.0,0.0,0.0,0.0,0.0,0.0,0.0,0.0,0.0,0.0,0.0,76437117840.61263,0.0,0.0,0.0,0.0,0.0,0.0,0.0,0.0,0.0,0.0,0.0,0.0,0.0,0.0,0.0,0.0,0.0,0.0,0.0,0.0,0.0,0.0,0.0,0.0,0.0,0.0,0.0,0.0,0.0,0.0,0.0,0.0,0.0,0.0,0.0,0.0,0.0,0.0,0.0,0.0,0.0,0.0,0.0,0.0,0.0,0.0,0.0,0.0,0.0,0.0,0.0,0.0,0.0
industry_chemicals_fertilizers_burner_hydrogen,0.0,0.0,0.0,0.0,0.0,0.0,0.0,0.0,0.0,0.0,0.0,0.0,0.0,0.0,0.0,0.0,0.0,0.0,0.0,0.0,0.0,0.0,0.0,0.0,0.0,0.0,0.0,0.0,0.0,0.0,0.0,0.0,0.0,0.0,0.0,0.0,0.0,0.0,0.0,0.0,0.0,0.0,0.0,0.0,0.0,0.0,0.0,0.0,0.0,0.0,0.0,0.0,0.0,0.0,0.0,0.0,0.0,0.0,0.0,0.0,0.0,0.0,0.0,0.0,0.0,0.0,0.0
industry_chemicals_fertilizers_burner_wood_pellets,0.0,0.0,0.0,0.0,0.0,0.0,0.0,0.0,0.0,0.0,0.0,0.0,0.0,0.0,0.0,0.0,0.0,0.0,0.0,0.0,0.0,0.0,0.0,0.0,0.0,0.0,0.0,0.0,0.0,0.0,0.0,0.0,0.0,0.0,0.0,0.0,0.0,0.0,0.0,0.0,0.0,0.0,0.0,0.0,0.0,0.0,0.0,0.0,0.0,0.0,0.0,0.0,0.0,0.0,0.0,0.0,0.0,0.0,0.0,0.0,0.0,0.0,0.0,0.0,0.0,0.0,0.0
energy_export_hydrogen,0.0,0.0,0.0,0.0,0.0,0.0,0.0,0.0,0.0,0.0,0.0,0.0,0.0,0.0,0.0,0.0,43206391776.30854,0.0,0.0,0.0,0.0,0.0,0.0,0.0,0.0,0.0,0.0,0.0,0.0,0.0,0.0,0.0,0.0,0.0,0.0,0.0,0.0,0.0,0.0,0.0,0.0,0.0,0.0,0.0,0.0,0.0,0.0,0.0,0.0,0.0,0.0,0.0,0.0,0.0,0.0,0.0,0.0,0.0,0.0,0.0,0.0,0.0,0.0,0.0,0.0,0.0,0.0
industry_useful_demand_for_other_ict_electricity,167039014.70253864,0.0,0.0,0.0,0.0,0.0,0.0,0.0,483676308.810708,452526351.3331739,5363833.274142445,0.0,0.0,0.0,0.0,0.0,19867050417.1832,0.0,0.0,0.0,0.0,306360350.8661282,0.0,0.0,0.0,0.0,0.0,38304903.94361954,0.0,0.0,2219744442.7227654,370269433.1889865,0.0,0.0,0.0,0.0,0.0,0.0,906688319.1366161,0.0,0.0,0.0,0.0,1212531149.8830826,0.0,0.0,0.0,0.0,0.0,0.0,0.0,0.0,0.0,0.0,23124157747.729393,0.0,0.0,0.0,0.0,0.0,0.0,0.0,0.0,0.0,0.0,0.0,0.0
energy_heat_dumped_steam_hot_water,1001234002.2408541,0.0,0.0,0.0,0.0,0.0,0.0,0.0,3112072919.2676396,2052619420.4489582,17975322.40092707,0.0,0.0,2.3452988251788385e-07,0.0,0.0,2703152298.8173437,0.0,0.0,0.0,0.0,46722984.18869652,0.0,0.0,0.0,0.0,0.0,247055016.91127673,0.0,0.0,14316678659.285149,1679509330.5025527,0.0,0.0,0.0,0.0,0.0,0.0,138278938.1175751,0.0,0.0,0.0,0.0,20594423688.854965,0.0,0.0,0.0,0.0,0.0,0.0,0.0,0.0,0.0,0.0,0.0,0.0,0.0,0.0,0.0,0.0,0.0,0.0,0.0,0.0,45711284978.547356,0.0,0.0
energy_export_greengas,0.0,0.0,0.0,0.0,0.0,0.0,0.0,0.0,0.0,0.0,0.0,0.0,0.0,0.0,0.0,0.0,0.0,0.0,0.0,0.0,0.0,0.0,0.0,0.0,0.0,0.0,0.0,0.0,0.0,0.0,0.0,0.0,0.0,0.0,0.0,0.0,0.0,0.0,0.0,0.0,0.0,0.0,0.0,0.0,0.0,0.0,0.0,0.0,0.0,0.0,0.0,0.0,0.0,0.0,0.0,0.0,0.0,0.0,0.0,0.0,0.0,0.0,0.0,0.0,0.0,0.0,0.0
energy_export_network_gas,53561698528.50723,0.0,0.0,0.0,0.0,0.0,0.0,0.0,0.0,0.0,0.0,0.0,0.0,0.0,0.0,0.0,0.0,0.0,0.0,0.0,0.0,0.0,0.0,0.0,0.0,0.0,0.0,0.0,0.0,0.0,947994664221.3668,0.0,0.0,0.0,0.0,0.0,0.0,0.0,0.0,0.0,0.0,0.0,0.0,0.0,0.0,0.0,0.0,0.0,0.0,0.0,0.0,0.0,0.0,0.0,0.0,0.0,0.0,0.0,0.0,0.0,0.0,0.0,0.0,0.0,0.0,0.0,0.0
industry_useful_demand_for_chemical_other_electricity,1627891072.5487185,0.0,0.0,0.0,0.0,0.0,0.0,0.0,1821745746.3600247,702642553.1185575,6241542308.4688835,0.0,0.0,1184837159.1539752,0.0,0.0,27520927982.198418,0.0,0.0,0.0,0.0,475689025.5621517,0.0,0.0,0.0,0.0,0.0,267436719.09264067,0.0,0.0,15497785136.327993,574921347.919741,0.0,0.0,0.0,0.0,0.0,0.0,1407824745.5955884,0.0,0.0,0.0,0.0,1882710212.078588,0.0,0.0,0.0,0.0,0.0,0.0,0.0,0.0,0.0,0.0,46345196842.63148,0.0,0.0,0.0,0.0,0.0,0.0,0.0,0.0,0.0,0.0,0.0,0.0
energy_export_electricity,60431547.69740733,0.0,0.0,0.0,0.0,0.0,0.0,0.0,62314906.79833537,230753154.69168916,2735136.7397770495,0.0,0.0,0.0,0.0,0.0,9038081914.836058,0.0,0.0,0.0,0.0,156219891.34233525,0.0,0.0,0.0,0.0,0.0,12102910.226018937,0.0,0.0,701355830.4315509,188808540.1934001,0.0,0.0,0.0,0.0,0.0,0.0,462340346.2505535,0.0,0.0,0.0,0.0,2735136.7397770495,0.0,0.0,0.0,0.0,0.0,0.0,0.0,0.0,0.0,0.0,0.0,0.0,0.0,0.0,0.0,0.0,0.0,0.0,0.0,0.0,0.0,0.0,0.0
